collection,link_path,link_type,linking_record_sample,b1,b2,b3,b4,b5,b6,b7,b8,b9,b10,b12,b16,b32,b64,b128,b256,b512,b1024,b4096,b16384,b65535,b262144,bmax
"app.bsky.feed.post",".embeds[app.bsky.embed.external].external.uri","uri","at://did:plc:k6acu4chiwkixvdedcmdgmal/app.bsky.feed.post/3lhttqzemcq2y",1,0,0,0,0,0,0,0,0,0,0,0,0,0,0,0,0,0,0,0,0,0,0
"app.bsky.graph.listitemview",".subject","did","at://did:plc:fa3gzsrpxumiwg7d3ev6igpt/app.bsky.graph.listitemview/3li5u6mlml52e",6,0,0,0,0,0,0,0,0,0,0,0,0,0,0,0,0,0,0,0,0,0,0
"red.pinned.concept.bookmark",".uri","uri","at://did:plc:5uzszbdtpxkiqezww6g7s53o/red.pinned.concept.bookmark/3lgyii46td22g",3,0,0,0,0,0,0,0,0,0,0,0,0,0,0,0,0,0,0,0,0,0,0
"com.newdin.storyline",".chaps[]","at-uri","at://did:plc:r4j4wcqlmel2qgepj2bkvq4i/com.newdin.storyline/173990185214",57,0,0,0,0,0,0,0,0,0,0,0,0,0,0,0,0,0,0,0,0,0,0
"com.curlprojects.journal.experimental.testJournalEntry",".journal.uri","at-uri","",0,0,0,1,1,0,0,0,0,0,0,0,0,0,0,0,0,0,0,0,0,0,0
"app.puddles.group.post",".group.uri","at-uri","at://did:plc:akf5vb5xpceiltp2jdzr32ql/app.puddles.group.post/3liosppmgyg2k",0,2,1,0,0,0,0,0,0,0,0,0,0,0,0,0,0,0,0,0,0,0,0
"app.bsky.feed.post",".threadRoot","at-uri","at://did:plc:jlqchp3t56ah3jq4rbd5qkhf/app.bsky.feed.post/3lhrvxadid224",1,0,0,0,0,0,0,0,0,0,0,0,0,0,0,0,0,0,0,0,0,0,0
"app.bsky.graph.starterpack",".feeds[].creator.viewer.blockingByList.uri","at-uri","at://did:plc:xxmxsyjag2ona6muzab55s3f/app.bsky.graph.starterpack/3lhkdba2kcr2f",6,0,0,0,0,0,0,0,0,0,0,0,0,0,0,0,0,0,0,0,0,0,0
"app.bsky.feed.post",".reply.root.record.reply.root.author.did","did","at://did:plc:q6lzfo6rbsycgpluhcqv3344/app.bsky.feed.post/3limrddh4pk23",0,0,0,0,0,0,0,0,0,0,0,0,1,0,0,0,0,0,0,0,0,0,0
"app.bsky.feed.post",".facets[].features[app.bsky.richtest.facet#link].uri","uri","at://did:plc:c7rslkre2eqoz3f6ivrtdhwe/app.bsky.feed.post/3li3y2nddz52o",1,0,0,0,0,0,0,0,0,0,0,0,0,0,0,0,0,0,0,0,0,0,0
"app.bsky.feed.post",".skeetsAppHistory.data[].2025-02-01T21:22:51.957Z","uri","at://did:plc:6rkz7j633xvz2lelgmodfpie/app.bsky.feed.post/3lh5h3kdnyr26",1,0,0,0,0,0,0,0,0,0,0,0,0,0,0,0,0,0,0,0,0,0,0
"app.bsky.feed.post",".reply.parent.value.reply.parent.value.reply.root.value.facets[].features[app.bsky.richtext.facet#link].uri","uri","at://did:plc:vpufthmtudaqzdx6wbctlrmj/app.bsky.feed.post/3lhvcgblkc22i",0,1,0,0,0,0,0,0,0,0,0,0,0,0,0,0,0,0,0,0,0,0,0
"com.verdverm.test.record",".$hist[].uri","at-uri","at://did:plc:2jtyqespp2zfodukwvktqwe6/com.verdverm.test.record/3lhyrvefizt2b",1,1,0,0,0,0,0,0,0,0,0,0,0,0,0,0,0,0,0,0,0,0,0
"app.bsky.feed.post",".reply.root.value.facets[].features[app.bsky.richtext.facet#link].uri","uri","at://did:plc:vpufthmtudaqzdx6wbctlrmj/app.bsky.feed.post/3lhsvjrwe2h25",6,0,0,0,0,0,1,0,0,0,0,0,0,0,0,0,0,0,0,0,0,0,0
"app.bsky.graph.starterpack",".feeds[].creator.labels[].src","did","",298,74,31,9,8,8,6,2,1,1,5,11,13,7,5,4,1,1,1,0,0,0,0
"app.bsky.feed.post",".uri","uri","at://did:plc:n6bd7p4gsys6raec4eeff5do/app.bsky.feed.post/3lgzv57u7272e",105,6,1,0,0,0,0,0,0,0,0,0,0,0,0,0,0,0,0,0,0,0,0
"app.bsky.feed.post",".skeetsAppHistory.data[].2025-02-07T14:16:10.051Z","uri","at://did:plc:ljqexd2ovaejoew2povsstvi/app.bsky.feed.post/3lhls23az6i2o",1,0,0,0,0,0,0,0,0,0,0,0,0,0,0,0,0,0,0,0,0,0,0
"app.sonasky.ref",".character.refSheet","at-uri","at://did:plc:2ljvyttsagepb22qjie36csp/app.sonasky.ref/3lhdjbshu2k2v",123,0,0,0,0,0,0,0,0,0,0,0,0,0,0,0,0,0,0,0,0,0,0
"app.bsky.feed.dislike",".subject.uri","at-uri","at://did:plc:vli2ospm2fndug3y4orl2o5p/app.bsky.feed.dislike/3lgy2dckaz62v",5,0,0,0,0,0,0,0,0,0,0,0,0,0,0,0,0,0,0,0,0,0,0
"app.puddles.group.post",".reply.parent.uri","at-uri","at://did:plc:akf5vb5xpceiltp2jdzr32ql/app.puddles.group.post/3liosjmvcfd2p",1,0,0,0,0,0,0,0,0,0,0,0,0,0,0,0,0,0,0,0,0,0,0
"app.bsky.feed.generator",".skyfeedBuilder.parent.parentUri","at-uri","at://did:plc:vhzquiqf6snti6n6qwgkseo3/app.bsky.feed.generator/aaalojidmal2u",6,0,0,0,0,0,0,0,0,0,0,0,0,0,0,0,0,0,0,0,0,0,0
"us.polhem.flashcards.card",".deck","at-uri","at://did:plc:p5a4pydyirvdkmc3lhw2iykp/us.polhem.flashcards.card/3lfn3woa6342q",1,1,0,1,0,0,0,0,0,0,0,0,0,0,0,0,0,0,0,0,0,0,0
"chat.tinychat.core.membership",".server","at-uri","at://did:plc:ubdeopbbkbgedccgbum7dhsh/chat.tinychat.core.membership/3lhefvqlxf32b",1287,9,1,0,0,0,0,0,0,0,0,0,1,0,0,0,0,0,0,0,0,0,0
"app.faisca.music",".albumCover","uri","at://did:plc:rbsrbl7koqfufypozf6yiyvb/app.faisca.music/3likqt5eewc23",1,0,0,0,0,0,0,0,0,0,0,0,0,0,0,0,0,0,0,0,0,0,0
"blue.badge.collection",".badge.uri","at-uri","at://did:plc:rgdcflm4ylsl6udghmtblydc/blue.badge.collection/3liorb57yve2o",0,0,0,0,0,0,0,0,0,0,2,1,0,0,0,0,0,0,0,0,0,0,0
"app.bluvy.favorites",".posts[]","at-uri","at://did:plc:yz47u7jw457mzifjdk7ojanh/app.bluvy.favorites/user_favorites",5,0,0,0,0,0,0,0,0,0,0,0,0,0,0,0,0,0,0,0,0,0,0
"app.sonasky.ref",".character.refSheet","uri","at://did:plc:dwbtr4psdwzaphf3bwnhfxo7/app.sonasky.ref/3lihvq6zblc2v",7,0,0,0,0,0,0,0,0,0,0,0,0,0,0,0,0,0,0,0,0,0,0
"app.bsky.feed.post",".facets[].features[app.bsky.richtext.facet#tag].uri","uri","at://did:plc:gurxw3b5o6njiuqvugtjguvm/app.bsky.feed.post/3lhpd5gkvmi2q",11,2,4,3,2,2,0,0,0,0,0,1,0,0,0,0,0,0,0,0,0,0,0
"app.bsky.graph.starterpack",".feeds[].creator.viewer.blocking","at-uri","at://did:plc:xxmxsyjag2ona6muzab55s3f/app.bsky.graph.starterpack/3lhkdba2kcr2f",12,0,0,0,0,0,0,0,0,0,0,0,0,0,0,0,0,0,0,0,0,0,0
"app.forum.community",".moderators[]","did","at://did:plc:gus3rlkpebpdoyfsykgi457p/app.forum.community/3lid7wrnvf22n",0,0,0,0,1,0,0,0,0,0,0,0,0,0,0,0,0,0,0,0,0,0,0
"blue.maril.stellar.reaction",".subject.uri","at-uri","at://did:plc:mou6t7mhh4ddhcake2a4d53r/blue.maril.stellar.reaction/3lgxyjsxfpk2w",71,16,7,3,4,2,0,0,0,0,0,0,1,0,0,0,0,0,0,0,0,0,0
"exchange.recipe.collection",".recipes[].uri","at-uri","at://did:plc:26tsx5juuss4yealylyfbj4h/exchange.recipe.collection/01JMDR45SD6J9GVG9WX5W5JH20",1,0,0,0,0,0,0,0,0,0,0,0,0,0,0,0,0,0,0,0,0,0,0
"app.bsky.feed.post",".repo","did","at://did:plc:w4hku3zryyonjdfkylyq6hqm/app.bsky.feed.post/3lijvsuwwtl23",0,0,0,0,0,0,0,0,0,0,0,0,0,1,0,0,0,0,0,0,0,0,0
"app.bsky.feed.post",".embed.media.external.uri","at-uri","at://did:plc:vb47zxtkoh7fw6ypqwbpiisu/app.bsky.feed.post/3lhvyio3c4zk2",2,0,0,0,0,0,0,0,0,0,0,0,0,0,0,0,0,0,0,0,0,0,0
"app.bsky.feed.post",".reply.root.embed.images[].thumb","uri","at://did:plc:q6lzfo6rbsycgpluhcqv3344/app.bsky.feed.post/3limrddh4pk23",0,0,0,0,0,0,0,0,0,0,0,0,1,0,0,0,0,0,0,0,0,0,0
"app.bsky.feed.post",".facets[app.bsky.richtext.facet].features[app.bsky.richtext.facet#link].uri","uri","at://did:plc:m6t2srb3rmabcbrks6p3at7h/app.bsky.feed.post/3lhs5hqhuxp2e",721315,46071,13008,5798,3546,2202,1566,1122,1002,561,791,947,1270,355,135,49,26,15,18,1,1,0,0
"fyi.unravel.frontpage.vote",".subject.uri","at-uri","at://did:plc:k2mo6mftnrttpxf6xs243yuv/fyi.unravel.frontpage.vote/3lin2tzfbgn2j",32,18,9,2,6,5,1,2,2,1,0,1,1,0,0,0,0,0,0,0,0,0,0
"app.bsky.feed.post",".embed.external.uri","uri","at://did:plc:4qmqs3fnedegeyy6tfdd347r/app.bsky.feed.post/3lhtbwpgagg2l",7918106,591856,179858,88188,50972,34322,23973,17952,13953,10978,16505,19991,27991,11572,4474,1567,583,212,61,3,1,0,0
"app.bsky.feed.post",".facets[app.bsky.richtext.facet].features[app.bsky.richtext.facet#tag].uri","uri","at://did:plc:upwokg4hzzwevxymjake7fq7/app.bsky.feed.post/3li2sxjrqh522",13,3,2,1,0,2,1,0,0,2,0,2,0,0,5,0,0,0,0,0,0,0,0
"app.bsky.feed.post",".bridgyOriginalText","uri","at://did:plc:huwitr5b3ema4pxi4vtsr6h5/app.bsky.feed.post/3lhoor6hyl222",1240,7,0,1,0,0,0,0,0,0,0,0,0,0,0,0,0,0,0,0,0,0,0
"app.bsky.graph.list",".posts[].author","did","at://did:plc:akf5vb5xpceiltp2jdzr32ql/app.bsky.graph.list/3li3ip42c5z24",0,0,0,0,0,0,0,0,0,0,0,0,0,0,0,0,1,0,0,0,0,0,0
"xyz.jeroba.tags.tagged",".record","at-uri","at://did:plc:hvakvedv6byxhufjl23mfmsd/xyz.jeroba.tags.tagged/3likx5ccfcm25",53,0,0,0,0,0,0,0,0,0,0,0,0,0,0,0,0,0,0,0,0,0,0
"app.bsky.graph.list",".uri","at-uri","",1,0,0,0,0,0,0,0,0,0,0,0,0,0,0,0,0,0,0,0,0,0,0
"social.pmsky.proposal",".uri","at-uri","at://did:plc:xhkqwjmxuo65vwbwuiz53qor/social.pmsky.proposal/3lidvfglrks2p",0,1,0,0,0,0,0,0,0,0,0,0,0,0,0,0,0,0,0,0,0,0,0
"app.bsky.feed.post",".uk.skyblur.post.uri","at-uri","at://did:plc:2273uthh7ojdj4lpoz3yttp7/app.bsky.feed.post/3lh3fdw365q2h",1714,0,0,0,0,0,0,0,0,0,0,0,0,0,0,0,0,0,0,0,0,0,0
"ge.shadowcaster.dev.board.channel.3lglkzsg4zc2x.members",".memberDid","did","at://did:plc:gdbw3mid53ebnu55rjdmz4vz/ge.shadowcaster.dev.board.channel.3lglkzsg4zc2x.members/3lh4u5vcufk2x",1,0,0,0,0,0,0,0,0,0,0,0,0,0,0,0,0,0,0,0,0,0,0
"app.bsky.feed.generator",".skyfeedBuilder.blocks[].tags[]","uri","",2,0,0,0,0,0,0,0,0,0,0,0,0,0,0,0,0,0,0,0,0,0,0
"com.atproto.lexicon.schema",".defs.main.key","uri","",0,0,0,1,0,0,0,0,0,0,0,0,0,0,0,0,0,0,0,0,0,0,0
"app.bsky.feed.post",".skeetsAppHistory.data[].2025-02-07T09:52:46.460Z","uri","at://did:plc:phrmjhl34nwxu5ujayrluon6/app.bsky.feed.post/3lhldd3rboy2p",1,0,0,0,0,0,0,0,0,0,0,0,0,0,0,0,0,0,0,0,0,0,0
"app.bsky.feed.generator",".skyfeedBuilder.blocks[].filter.link","uri","at://did:plc:imtthwugvtsrbwutkqqhtqya/app.bsky.feed.generator/aaaibnwwn3p4g",1,0,0,0,0,0,0,0,0,0,0,0,0,0,0,0,0,0,0,0,0,0,0
"sh.tangled.knot.member",".domain","uri","at://did:plc:hwevmowznbiukdf6uk5dwrrq/sh.tangled.knot.member/3lihflnzee622",1,0,0,0,0,0,0,0,0,0,0,0,0,1,0,0,0,0,0,0,0,0,0
"app.bsky.feed.post",".facets[].features[blue.moji.richtext.facet].did","did","at://did:web:kopper.d.on-t.work/app.bsky.feed.post/3lidmrrk3qstp",1,1,0,0,0,0,0,0,0,0,0,0,0,0,0,0,0,0,0,0,0,0,0
"app.bsky.feed.generator",".skyfeedBuilder.blocks[].labels[]","uri","",102,16,14,12,7,2,3,6,2,1,3,2,7,3,0,3,0,0,0,0,0,0,0
"app.bsky.graph.list",".descriptionFacets[app.bsky.richtext.facet].features[app.bsky.richtext.facet#mention].did","did","at://did:plc:zv5w4hgnmd2tnkc3jtcyt2kd/app.bsky.graph.list/3lhafdncq5v22",349,28,6,3,0,1,0,0,0,0,0,1,1,1,0,0,0,0,0,0,0,0,0
"xyz.imaginarymachines.stone",".holderDid","did","",3,1,0,0,0,0,0,0,0,0,0,0,0,0,0,0,0,0,0,0,0,0,0
"app.bsky.feed.post",".reply.parent.value.reply.parent.uri","at-uri","at://did:plc:vpufthmtudaqzdx6wbctlrmj/app.bsky.feed.post/3lhvbypt4ts2a",12,0,0,0,0,0,0,0,0,0,0,0,0,0,0,0,0,0,0,0,0,0,0
"app.bsky.graph.starterpack",".feeds[].creator.labels[].uri","at-uri","",290,69,30,9,7,9,7,2,1,0,3,12,8,2,1,2,0,0,0,0,0,0,0
"app.bsky.feed.post",".reply.parent.value.reply.parent.value.reply.parent.value.reply.root.uri","at-uri","at://did:plc:vpufthmtudaqzdx6wbctlrmj/app.bsky.feed.post/3lhvcgblkc22i",1,0,0,0,0,0,0,0,0,0,0,0,0,0,0,0,0,0,0,0,0,0,0
"app.bsky.feed.post",".reply.parent.record.reply.root.author.viewer.followedBy","at-uri","at://did:plc:4x27xkw7cb7ysswmk2pdbip5/app.bsky.feed.post/3lhhhree4k62n",1,0,0,0,0,0,1,0,0,0,0,0,0,0,0,0,0,0,0,0,0,0,0
"app.bsky.feed.post",".embed.alt","uri","at://did:plc:vn4lftlocn5etoyniiy2m57l/app.bsky.feed.post/3lihm4s43js2l",258,6,4,3,1,0,0,0,0,0,0,0,0,0,0,0,0,0,0,0,0,0,0
"social.psky.chat.message",".room","at-uri","at://did:plc:v7tbr6qxk6xanxzn6hjmbk7o/social.psky.chat.message/3limwftuq2sam",0,0,0,0,0,0,0,0,0,0,0,0,0,1,0,0,0,0,0,0,0,0,0
"app.popsky.like",".subjectUri","at-uri","at://did:plc:a6mkzcr4nkm4qa4rlvexybwc/app.popsky.like/3lh3eo3apak2k",4,0,0,0,0,0,0,0,0,0,0,0,0,0,0,0,0,0,0,0,0,0,0
"app.gsky.grid.testy",".list[].icon","uri","",3,0,0,0,0,0,0,0,0,0,0,0,0,0,0,0,0,0,0,0,0,0,0
"app.bsky.feed.post",".facets[app.bsky.richtext.facet].features[app.bsky.richtext.facet#link].uri","at-uri","at://did:plc:djqtjwidgpoekyzkauim6q7l/app.bsky.feed.post/3lihupunmyo32",47,1,0,0,0,0,0,0,0,0,0,0,0,0,0,0,0,0,0,0,0,0,0
"app.bsky.feed.post",".embed.uri","uri","at://did:plc:tvxmmkqq55yhvi4yna2vzydc/app.bsky.feed.post/3lhh3udvnwb22",3090,25,9,4,1,0,0,0,0,0,0,0,0,0,0,0,0,0,0,0,0,0,0
"com.verdverm.test.record",".$orig.uri","at-uri","at://did:plc:2jtyqespp2zfodukwvktqwe6/com.verdverm.test.record/3lhyrvefizt2b",0,1,0,0,0,0,0,0,0,0,0,0,0,0,0,0,0,0,0,0,0,0,0
"app.bsky.graph.follow",".subject","did","at://did:plc:5qvctydahwlzy4b4xdercgid/app.bsky.graph.follow/3limwsqdkgz2d",3011146,1374778,790067,520937,375460,285474,224669,183031,151092,128329,203986,282158,502037,302088,166204,83732,41681,22787,20716,3375,210,22,4
"app.bsky.feed.post",".embed.card.uri","uri","at://did:plc:gj2xzi6rg2ejtemocvqz2i6u/app.bsky.feed.post/3liosdprruz2j",2030,10,3,0,0,1,0,0,0,0,0,0,0,0,0,0,0,0,0,0,0,0,0
"com.shinolabs.pinksea.oekaki",".inResponseTo.uri","at-uri","at://did:plc:2edipcwcjiezjtanjs5vmrlw/com.shinolabs.pinksea.oekaki/3lhc6vq3oe2kh",16,3,0,0,0,0,0,0,0,0,0,0,0,0,0,0,0,0,0,0,0,0,0
"social.bsky.vaishnavi-bicycle.conversations",".authorDid","did","",0,0,0,0,1,0,0,0,0,0,0,0,0,0,0,0,0,0,0,0,0,0,0
"com.whtwnd.blog.entry",".ogp.url","uri","at://did:plc:yqlk63dpupzk6is5qdg3fuzo/com.whtwnd.blog.entry/3lignggdnqg2s",27,0,0,0,0,0,0,0,0,0,0,0,0,0,0,0,0,0,0,0,0,0,0
"app.bsky.feed.like",".subject.uri","at-uri","at://did:plc:luowqycpqztjazljfiiazzrg/app.bsky.feed.like/3limrvekzkn24",38711659,13110811,6459157,3947035,2543553,1858971,1437371,1144792,931102,769365,1215336,1618529,2630215,1377967,690141,334569,151150,66328,40499,8787,1723,86,0
"app.bsky.graph.starterpack",".feeds[].labels[].src","did","",0,0,0,0,0,0,0,0,0,0,0,0,0,0,0,1,0,0,0,0,0,0,0
"app.bsky.feed.post",".facets[].features[app.bsky.richtext.facet#link].label","uri","at://did:plc:b6msxvdfndvuzhjv4mssy3rp/app.bsky.feed.post/3lijo4c7kkl25",65,0,0,0,0,0,0,0,0,0,0,0,0,0,0,0,0,0,0,0,0,0,0
"app.bsky.feed.post",".facets[].features[app.bsky.richtest.tacet#link].uri","uri","at://did:plc:c7rslkre2eqoz3f6ivrtdhwe/app.bsky.feed.post/3li3xwjflwh2c",1,0,0,0,0,0,0,0,0,0,0,0,0,0,0,0,0,0,0,0,0,0,0
"app.bsky.actor.profile",".pinnedPost.uri","at-uri","",293374,2,0,0,0,0,0,0,0,0,0,0,0,0,0,0,0,0,0,0,0,0,0
"app.bsky.feed.postgate",".detachedEmbeddingUris[]","at-uri","at://did:plc:wjwid4yfzjf2nul3bi65rbve/app.bsky.feed.postgate/3lhkmzofduk2g",9096,0,0,0,0,0,0,0,0,0,0,0,0,0,0,0,0,0,0,0,0,0,0
"app.bsky.feed.post",".root","at-uri","at://did:plc:4ybdml7a2f32eg36d3jb65so/app.bsky.feed.post/3lgxsb7lbyo22",0,1,1,0,0,0,0,0,0,0,0,0,0,0,0,0,0,0,0,0,0,0,0
"app.forum.post",".community","at-uri","at://did:plc:gus3rlkpebpdoyfsykgi457p/app.forum.post/3lid3n7gimk2n",3,0,0,0,0,0,0,0,0,0,0,0,0,0,0,0,0,0,0,0,0,0,0
"chat.tinychat.core.message",".server","at-uri","at://did:plc:ubdeopbbkbgedccgbum7dhsh/chat.tinychat.core.message/3lgxlrazlp22b",202,539,197,0,0,0,0,0,0,0,0,0,1,0,0,0,0,0,0,0,0,0,0
"app.ngrok-free.4907-185-199-103-242.entry",".url","uri","at://did:plc:iuxkmtq54kuy4hu3wa3kge6d/app.ngrok-free.4907-185-199-103-242.entry/223limiu47or3",1,0,0,0,0,0,0,0,0,0,0,0,0,0,0,0,0,0,0,0,0,0,0
"space.polypod.pinkgill.install",".tile","at-uri","at://did:plc:izttpdp3l6vss5crelt5kcux/space.polypod.pinkgill.install/3lhbapupxrk2w",0,0,1,0,0,0,0,0,0,0,0,0,0,0,0,0,0,0,0,0,0,0,0
"app.bsky.feed.generator",".skyfeedBuilder.blocks[].did","uri","at://did:plc:tuvvtnctpmo46rw5ukjimmka/app.bsky.feed.generator/aaalgupxs32mm",14,0,0,0,0,0,0,0,0,0,0,0,0,0,0,0,0,0,0,0,0,0,0
"app.bsky.graph.list",".posts[].uri","at-uri","at://did:plc:akf5vb5xpceiltp2jdzr32ql/app.bsky.graph.list/3lijtsjuk5a2w",11,0,0,0,0,0,0,0,0,0,0,0,0,0,0,0,0,0,0,0,0,0,0
"app.bsky.feed.post",".embed.record.record.uri","at-uri","at://did:web:nat.vg/app.bsky.feed.post/3li3odrwkjk2y",601475,62605,22714,11451,6854,4283,2979,2041,1583,1218,1771,1987,2561,892,340,87,23,7,5,0,0,0,0
"ge.shadowcaster.dev.board.channel.3lh4uddvbzk2x.notifications",".channel","at-uri","at://did:plc:gdbw3mid53ebnu55rjdmz4vz/ge.shadowcaster.dev.board.channel.3lh4uddvbzk2x.notifications/3lh4udkowuk2x",1,0,0,0,0,0,0,0,0,0,0,0,0,0,0,0,0,0,0,0,0,0,0
"app.bsky.graph.starterpack",".feeds[].creator.viewer.blockingByList.avatar","uri","at://did:plc:xxmxsyjag2ona6muzab55s3f/app.bsky.graph.starterpack/3lhkdba2kcr2f",1,0,0,0,0,0,0,0,0,0,0,0,0,0,0,0,0,0,0,0,0,0,0
"ge.shadowcaster.dev.board.channel.3lgll4xbckc2x.notifications",".subject.did","did","at://did:plc:gdbw3mid53ebnu55rjdmz4vz/ge.shadowcaster.dev.board.channel.3lgll4xbckc2x.notifications/3lh4u5snylc2x",1,0,0,0,0,0,0,0,0,0,0,0,0,0,0,0,0,0,0,0,0,0,0
"app.bsky.feed.post",".parent","at-uri","at://did:plc:4ybdml7a2f32eg36d3jb65so/app.bsky.feed.post/3lgxsb7lbyo22",2,0,1,0,0,0,0,0,0,0,0,0,0,0,0,0,0,0,0,0,0,0,0
"app.bsky.feed.post",".skeetsAppHistory.data[].2025-02-14T05:17:07.928Z","uri","at://did:plc:gvd47m7msfjm5vbt7fpcbmmw/app.bsky.feed.post/3li4h6nnknw2e",1,0,0,0,0,0,0,0,0,0,0,0,0,0,0,0,0,0,0,0,0,0,0
"app.bsky.graph.starterpack",".descriptionFacets[].features[].uri","uri","at://did:plc:tnbae6dz5t6xayshlvg6wit7/app.bsky.graph.starterpack/3lbvqdujuqe2k",1,0,0,0,0,0,0,0,0,0,0,0,0,0,0,0,0,0,0,0,0,0,0
"app.gsky.grid.test",".list[].icon","uri","",3,1,0,0,0,0,0,0,0,0,0,0,0,0,0,0,0,0,0,0,0,0,0
"lol.atmogus.activity.presences",".presences[lol.atmogus.defs.activity#presence].assets.smallImage","uri","at://did:plc:nmc77zslrwafxn75j66mep6o/lol.atmogus.activity.presences/3lhvvjgkot2jk",0,0,0,0,0,1,0,0,0,0,0,0,1,0,0,0,0,0,0,0,0,0,0
"app.bsky.feed.post",".facets[].features[].uri","uri","at://did:plc:4hm6gb7dzobynqrpypif3dck/app.bsky.feed.post/3lgxngvy7tr2a",21705,902,182,85,51,29,25,11,8,11,8,18,13,2,2,0,0,0,0,0,0,0,0
"app.bsky.feed.post",".embed.external.url","uri","at://did:plc:py2ujkzl45dgfnco3vki7tel/app.bsky.feed.post/3lhrbsdbeih2l",1775,29,5,1,1,0,0,0,0,1,0,0,0,0,0,0,0,0,0,0,0,0,0
"fyi.unravel.frontpage.post",".url","uri","at://did:plc:nlromb2qyyl6rszaluwhfy6j/fyi.unravel.frontpage.post/3lhd2ivyc422n",50,0,0,0,0,0,0,0,0,0,0,0,0,0,0,0,0,0,0,0,0,0,0
"social.shareframe.profile",".avatar","uri","at://did:plc:cscra76ngpykvd43fwhojxu6/social.shareframe.profile/7bfaac1c-12fd-4bd9-868b-4efc57159ec5",0,1,0,0,0,0,0,0,0,0,0,0,0,0,0,0,0,0,0,0,0,0,0
"app.bsky.actor.profile",".joinedViaStarterPack.uri","at-uri","at://did:plc:tjyk6ihfkpqtcbs5qfy7pq4n/app.bsky.actor.profile/self",2067,353,136,66,44,24,12,13,10,8,8,14,20,7,2,1,0,1,0,0,0,0,0
"app.bsky.feed.post",".reply.parent.value.embed.record.record.uri","at-uri","at://did:plc:kbchxc4qboimt7nbuq7kjp3g/app.bsky.feed.post/3lhos6cax7h2v",1,0,1,0,0,0,0,0,0,0,0,0,0,0,0,0,0,0,0,0,0,0,0
"app.bsky.feed.post",".facets[app.bsky.richtext.facet].features[app.bsky.richtext.facet#mention].did","did","at://did:plc:q6gjnaw2blty4crticxkmujt/app.bsky.feed.post/3lidaxmjmcc2c",412878,126185,60789,35643,22494,15818,11497,8930,6886,5743,8619,10660,15761,6889,2996,1259,490,227,165,32,5,0,0
"ge.shadowcaster.dev.board.channel",".labels.values[].src","did","at://did:plc:gdbw3mid53ebnu55rjdmz4vz/ge.shadowcaster.dev.board.channel/3lh4uddvbzk2x",0,1,0,0,0,0,0,0,0,0,0,0,0,0,0,0,0,0,0,0,0,0,0
"social.pmsky.vote",".src","did","at://did:plc:xhkqwjmxuo65vwbwuiz53qor/social.pmsky.vote/3lidy3njpxc2c",0,0,0,0,0,0,0,0,0,0,0,0,1,0,0,0,0,0,0,0,0,0,0
"com.shinolabs.pinksea.oekaki",".image.imageLink.fullsize","uri","at://did:web:ciql.net/com.shinolabs.pinksea.oekaki/3li23gjsxmkhf",136,1,0,0,0,0,0,0,0,0,0,0,0,0,0,0,0,0,0,0,0,0,0
"blue.flashes.actor.portfolio",".subject.uri","at-uri","at://did:plc:22ztweahmmzrveuibawxw3rw/blue.flashes.actor.portfolio/3le3bjm5oq22j",6800,0,0,0,0,0,0,0,0,0,0,0,0,0,0,0,0,0,0,0,0,0,0
"jp.5leaf.sync.mastodon",".source.url","uri","at://did:plc:dc6yhacus3x7bapxet35lkzx/jp.5leaf.sync.mastodon/9b642f861c814b9",39287,0,0,0,0,0,0,0,0,0,0,0,0,0,0,0,0,0,0,0,0,0,0
"red.pinned.concept.collectionmember",".subject.uri","at-uri","at://did:plc:5uzszbdtpxkiqezww6g7s53o/red.pinned.concept.collectionmember/3lgv3nqzrb725",5,0,0,0,0,0,0,0,0,0,0,0,0,0,0,0,0,0,0,0,0,0,0
"social.shareframe.profile",".bannerUri","uri","at://did:plc:cscra76ngpykvd43fwhojxu6/social.shareframe.profile/7bfaac1c-12fd-4bd9-868b-4efc57159ec5",0,1,0,0,0,0,0,0,0,0,0,0,0,0,0,0,0,0,0,0,0,0,0
"app.bsky.feed.post",".reply_to.parent.uri","at-uri","at://did:plc:lvdiyls7l4wtzcdotzht6c3n/app.bsky.feed.post/3lgyu5mwz4622",30,0,0,0,0,0,0,0,0,0,0,0,0,0,0,0,0,0,0,0,0,0,0
"app.bsky.group",".members[]","did","at://did:plc:akf5vb5xpceiltp2jdzr32ql/app.bsky.group/3lhz4opmhpi2b",0,0,0,0,0,0,0,3,0,0,1,0,0,0,0,1,0,0,0,0,0,0,0
"app.bsky.feed.post",".embed.record.record.author.did","did","at://did:plc:snod3ilumvylimodptbpoo53/app.bsky.feed.post/3lilhrvnrvc23",0,1,0,0,0,0,0,0,0,0,0,0,0,0,0,0,0,0,0,0,0,0,0
"app.bsky.graph.starterpack",".feeds[].creator.viewer.following","at-uri","at://did:plc:22jbhjytq22vrk5uoff3ocee/app.bsky.graph.starterpack/3lavoimevil2w",1356,99,35,15,9,10,6,3,2,4,2,6,9,3,0,0,1,0,0,0,0,0,0
"app.bsky.feed.post",".fediverseId","uri","at://did:plc:mofccmdob54ycufrk4oxekdf/app.bsky.feed.post/3lhwl7dcb7k2i",949,5,22,0,0,0,0,0,0,0,0,0,0,0,0,0,0,0,0,0,0,0,0
"app.bsky.feed.post",".embed.external.preview","uri","at://did:plc:mtnvw7xx7unqjx5op4eo7uay/app.bsky.feed.post/3lhzrfs5r5w2m",85,1,2,0,0,0,0,0,0,0,0,0,0,0,0,0,0,0,0,0,0,0,0
"app.bsky.feed.post",".embed.media.external.url","uri","at://did:plc:7ejciri26hqmbaxvrgt77nmf/app.bsky.feed.post/3lh5w26h2da2u",1,0,0,0,0,0,0,0,0,0,0,0,0,0,0,0,0,0,0,0,0,0,0
"lol.atmogus.activity.presences",".presences[lol.atmogus.defs.activity#presence].assets.largeText","uri","",1,0,0,0,0,0,0,0,0,0,0,0,0,0,0,0,0,0,0,0,0,0,0
"app.bsky.feed.post",".embed.external.title","uri","at://did:plc:i6a72khclwrfioxj2aacsvj6/app.bsky.feed.post/3lh5call7vs2v",9799,226,66,22,9,9,3,4,3,1,2,6,12,2,0,0,1,0,0,0,0,0,0
"xyz.imaginarymachines.player",".did","did","",4,0,0,0,0,0,0,0,0,0,0,0,0,0,0,0,0,0,0,0,0,0,0
"ge.shadowcaster.dev.board.channel.3lh4uddvbzk2x.members",".memberDid","did","at://did:plc:gdbw3mid53ebnu55rjdmz4vz/ge.shadowcaster.dev.board.channel.3lh4uddvbzk2x.members/3lh4udkjg4c2x",1,0,0,0,0,0,0,0,0,0,0,0,0,0,0,0,0,0,0,0,0,0,0
"blue.drawat.vector",".paths[].author","did","at://did:plc:3vjz7behkko4oxk5cun2jebo/blue.drawat.vector/self",10,0,0,0,0,0,0,0,0,0,0,0,0,0,1,0,1,3,2,0,0,0,0
"social.pmsky.proposal",".src","did","at://did:plc:xhkqwjmxuo65vwbwuiz53qor/social.pmsky.proposal/3lidvfglrks2p",0,1,0,0,0,0,0,0,0,0,0,0,0,0,0,0,0,0,0,0,0,0,0
"app.bsky.graph.starterpack",".list","at-uri","at://did:web:smite.hukoubook.com/app.bsky.graph.starterpack/3lhq5tgvmpy2r",27601,0,0,0,0,0,0,0,0,0,0,0,0,0,0,0,0,0,0,0,0,0,0
"lol.atmogus.activity.presences",".presences[].id","uri","at://did:plc:tshzimytn4vesorvxd45kjn7/lol.atmogus.activity.presences/3li4xv4fh72iz",0,0,0,0,0,0,0,1,0,0,0,0,0,0,0,0,0,0,0,0,0,0,0
"app.bsky.graph.starterpack",".feeds[].creator.viewer.followedBy","at-uri","",638,47,18,7,4,2,4,1,0,2,1,3,2,3,0,0,0,0,0,0,0,0,0
"app.bsky.graph.starterpack",".descriptionFacets[app.bsky.richtext.facet].features[app.bsky.richtext.facet#mention].did","did","at://did:plc:23t72t3vkn62dqkbgaqxbxd4/app.bsky.graph.starterpack/3lcf4c2iosp22",178,9,2,2,1,0,0,0,0,0,0,2,1,0,0,0,0,0,0,0,0,0,0
"sc.nexus.actor.profile",".facets[sc.nexus.richtext.facet].features[sc.nexus.richtext.facet#link].uri","uri","at://did:plc:bpotnohnlgcj3fbmp7ugx4en/sc.nexus.actor.profile/self",2,0,0,0,0,0,0,0,0,0,0,0,0,0,0,0,0,0,0,0,0,0,0
"app.bsky.feed.post",".embed.facets[].features[app.bsky.richtext.facet#link].uri","uri","at://did:plc:lbbvh26ouausjnljkamgtxfj/app.bsky.feed.post/3lhlgrihgmc2q",449,4,0,0,0,0,0,0,0,0,0,0,0,1,0,0,0,0,0,0,0,0,0
"app.bsky.graph.starterpack",".description","uri","at://did:plc:tef2b4cbo4htzweacsqpeyul/app.bsky.graph.starterpack/3lhv2b5n7ij23",10,0,0,0,0,0,0,0,0,0,0,0,0,0,0,0,0,0,0,0,0,0,0
"app.bsky.feed.share",".subject.uri","at-uri","at://did:plc:l5bwgmyqv7tyhkrhxjx4c35s/app.bsky.feed.share/3lh6bflolcp26",696,17,0,0,0,0,0,0,0,0,0,0,0,0,0,0,0,0,0,0,0,0,0
"app.bsky.feed.generator",".skyfeedBuilder.parent.blocks[].postUri","at-uri","",9,0,0,0,0,0,0,0,0,0,0,0,0,0,0,0,0,0,0,0,0,0,0
"app.bsky.feed.post",".facets[app.bsky.richtext.facet].features[blue.moji.richtext.facet].did","did","",3,1,0,0,0,0,0,0,0,0,0,0,0,0,0,0,0,0,0,0,0,0,0
"app.bsky.group",".posts[]","at-uri","at://did:plc:akf5vb5xpceiltp2jdzr32ql/app.bsky.group/group-1738878256547",9,0,0,0,0,0,0,0,0,0,0,0,0,0,0,0,0,0,0,0,0,0,0
"app.christensen.wtf.comment",".parent.uri","at-uri","at://did:plc:gus3rlkpebpdoyfsykgi457p/app.christensen.wtf.comment/3li64xm7sxc2n",1,2,0,0,0,0,0,0,0,0,0,0,0,0,0,0,0,0,0,0,0,0,0
"com.newdin.chap",".link","uri","at://did:plc:djthigtyew7fmuzjgmakdsk5/com.newdin.chap/17389755203919786",53,2,0,0,0,0,0,0,0,0,0,0,0,0,0,0,0,0,0,0,0,0,0
"app.bsky.feed.post",".skeetsAppHistory.data[].2025-02-08T03:37:20.698Z","uri","at://did:plc:dk4xde77umvlupgupshgq2yu/app.bsky.feed.post/3lhn6soz5ku2z",1,0,0,0,0,0,0,0,0,0,0,0,0,0,0,0,0,0,0,0,0,0,0
"app.bsky.feed.generator",".skyfeedBuilder.displayName","uri","",3,0,0,0,0,0,0,0,0,0,0,0,0,0,0,0,0,0,0,0,0,0,0
"blue.moji.collection.item",".copyOf","at-uri","",1,0,0,0,0,0,0,0,0,0,0,0,0,0,0,0,0,0,0,0,0,0,0
"app.bsky.feed.threadgate",".post","at-uri","at://did:web:hmm.st/app.bsky.feed.threadgate/3lh3t24fka22g",571271,0,0,0,0,0,0,1,0,0,1,0,0,0,0,0,0,0,0,0,0,0,0
"app.bsky.feed.generator",".skyfeedBuilder.blocks[].postUri","uri","at://did:plc:camokjfd6kus2ip4ptrpfzpl/app.bsky.feed.generator/aaaf5binrzqae",2,0,0,1,0,0,0,0,0,0,0,0,0,0,0,0,0,0,0,0,0,0,0
"app.bsky.actor.profile",".kitePinPost","at-uri","",8,0,0,0,0,0,0,0,0,0,0,0,0,0,0,0,0,0,0,0,0,0,0
"app.bsky.actor.profile",".links[].url","uri","",1,0,0,0,0,0,0,0,0,0,0,0,0,0,0,0,0,0,0,0,0,0,0
"app.bsky.graph.starterpack",".descriptionFacets[].features[].did","did","at://did:plc:2q6vdfpq25z25fz6igu57n4t/app.bsky.graph.starterpack/3l77cnxsvt62f",2,0,0,0,0,0,0,0,0,0,0,0,0,0,0,0,0,0,0,0,0,0,0
"town.muni.roomy.v0.store",".key[]","did","",2,2,1,1,0,0,0,0,0,0,0,0,0,0,0,0,0,0,0,0,0,0,0
"app.bsky.actor.profile",".avatarSource","uri","",1,0,0,0,0,0,0,0,0,0,0,0,0,0,0,0,0,0,0,0,0,0,0
"com.newdin.chaprev",".revisions[]","at-uri","at://did:plc:r4j4wcqlmel2qgepj2bkvq4i/com.newdin.chaprev/17393280843919786-2025-02-14",1,0,0,0,0,0,0,0,0,0,0,0,0,0,0,0,0,0,0,0,0,0,0
"app.bsky.feed.generator",".skyfeedBuilder.parent.blocks[].listUri","at-uri","",42,1,0,0,0,0,0,0,0,0,0,0,0,0,0,0,0,0,0,0,0,0,0
"fyi.bluelinks.links",".links[fyi.bluelinks.links#link].url","uri","at://did:plc:bpotnohnlgcj3fbmp7ugx4en/fyi.bluelinks.links/self",3,0,0,0,0,0,0,0,0,0,0,0,0,0,0,0,0,0,0,0,0,0,0
"app.bsky.feed.post",".embed.media.external.description","uri","at://did:plc:sfvlde55oexdr2r6lb5ghh5p/app.bsky.feed.post/3lico6fgp722z",14,1,0,0,0,0,0,0,0,0,0,0,0,0,0,0,0,0,0,0,0,0,0
"app.bsky.graph.starterpack",".name","uri","",1,0,0,0,0,0,0,0,0,0,0,0,0,0,0,0,0,0,0,0,0,0,0
"social.pmsky.vote",".uri","at-uri","at://did:plc:xhkqwjmxuo65vwbwuiz53qor/social.pmsky.vote/3liauqwpvec2k",22,0,0,0,0,0,0,0,0,0,0,0,0,0,0,0,0,0,0,0,0,0,0
"xyz.statusphere.status",".albumCover","uri","at://did:plc:rbsrbl7koqfufypozf6yiyvb/xyz.statusphere.status/3likqle3fas2m",1,0,0,0,0,0,0,0,0,0,0,0,0,0,0,0,0,0,0,0,0,0,0
"app.bsky.feed.post",".reply.root.author.viewer.followedBy","at-uri","at://did:plc:4x27xkw7cb7ysswmk2pdbip5/app.bsky.feed.post/3lh7t4ssctw2n",0,0,0,0,2,0,0,0,1,0,0,0,0,0,0,1,0,0,0,0,0,0,0
"app.bsky.feed.post",".facets[].features[app.bsky.richtext.facet#mention].did","did","at://did:plc:ei7hqam5oasdpw5cdihdphcv/app.bsky.feed.post/3lijg2h7uhn2z",8762,1649,1910,310,206,134,100,70,65,43,79,101,142,42,15,9,4,5,1,1,0,0,0
"blue.linkat.board",".cards[].url","uri","at://did:plc:qycz6ikvrigjxp6wq5p2klin/blue.linkat.board/self",225,3,0,0,0,0,0,0,0,0,0,0,0,0,0,0,0,0,0,0,0,0,0
"app.rocksky.like",".subject.uri","at-uri","",26,0,0,0,0,0,0,0,0,0,0,0,0,0,0,0,0,0,0,0,0,0,0
"app.gsky.grid",".list[].icon","uri","",1,0,0,0,0,0,0,0,0,0,0,0,0,0,0,0,0,0,0,0,0,0,0
"app.bsky.feed.post",".facets[].features[].did","did","at://did:plc:bvwrywan273ydwlyfi5vu377/app.bsky.feed.post/3lgxnojucfax2",4811,417,130,36,26,11,8,6,6,3,10,8,9,5,0,0,0,0,0,0,0,0,0
"app.bsky.feed.post",".embed.media.alt","uri","at://did:plc:s4hpvwbklq4wvedq3qqcgp6e/app.bsky.feed.post/3lhtjtbfiyc2x",3,0,0,0,0,0,0,0,0,0,0,0,0,0,0,0,0,0,0,0,0,0,0
"app.bsky.feed.generator",".embed.external.uri","uri","at://did:plc:57izfrw5xr624bpzqli5ng4u/app.bsky.feed.generator/test",1,0,0,0,0,0,0,0,0,0,0,0,0,0,0,0,0,0,0,0,0,0,0
"app.bsky.feed.post",".facets[].features[app.bsky.feature.url].uri","uri","at://did:plc:crlarl7r5ynd2jabu6xbhapd/app.bsky.feed.post/3lgxqre37fy24",5,0,0,0,0,0,0,0,0,0,0,0,0,0,0,0,0,0,0,0,0,0,0
"app.bsky.feed.generator",".telescopeData.members[]","did","at://did:plc:w7l3agk2rs4rp3pxaxyfgish/app.bsky.feed.generator/775b1431ba0ce9b",1,0,0,0,0,0,0,1,1,0,0,0,0,0,0,0,0,0,0,0,0,0,0
"app.bsky.feed.post",".skeetsAppHistory.data[].2025-02-16T06:39:55.925Z","uri","at://did:plc:kwwihkcxoaupxt2efhq6knb6/app.bsky.feed.post/3libmqkfmmp2w",1,0,0,0,0,0,0,0,0,0,0,0,0,0,0,0,0,0,0,0,0,0,0
"social.shareframe.feed.post",".imageUris[]","uri","at://did:plc:5m6p3awuhypc4rz5efjmrn7g/social.shareframe.feed.post/3li6zwemp7c24",1,0,0,1,0,0,0,0,0,0,0,0,0,0,0,0,0,0,0,0,0,0,0
"app.purplespace.graph.follow",".subject","did","at://did:plc:q76y6zamkwj2juguknlhbehc/app.purplespace.graph.follow/3libq7uqnkw26",1,0,0,0,0,0,0,0,0,0,0,0,0,0,0,0,0,0,0,0,0,0,0
"jp.5leaf.sync.mastodon",".uri","at-uri","at://did:plc:7pzlgtbxmh3q3sbd3tzmgkgb/jp.5leaf.sync.mastodon/2dd7daa7989858f",39287,0,0,0,0,0,0,0,0,0,0,0,0,0,0,0,0,0,0,0,0,0,0
"app.bsky.feed.generator",".skyfeedBuilder.parent.parent.blocks[].listUri","at-uri","",2,0,0,0,0,0,0,0,0,0,0,0,0,0,0,0,0,0,0,0,0,0,0
"ar.com.cabildoabierto.quotePost",".reply.root.uri","at-uri","at://did:plc:2356xofv4ntrbu42xeilxjnb/ar.com.cabildoabierto.quotePost/3lhjrc3u3qy22",2,1,0,0,0,0,0,0,0,0,0,0,0,0,0,0,0,0,0,0,0,0,0
"app.bsky.graph.list",".members[]","did","",0,0,0,0,0,0,0,0,1,0,0,0,0,0,0,0,0,0,0,0,0,0,0
"app.bsky.feed.post",".reply.parent.value.reply.root.value.facets[].features[app.bsky.richtext.facet#link].uri","uri","at://did:plc:vpufthmtudaqzdx6wbctlrmj/app.bsky.feed.post/3lhvcgblkc22i",0,0,1,0,0,0,0,0,0,0,0,0,0,0,0,0,0,0,0,0,0,0,0
"ge.shadowcaster.dev.board.channel.3lgll4xbckc2x.notifications",".channel","at-uri","at://did:plc:gdbw3mid53ebnu55rjdmz4vz/ge.shadowcaster.dev.board.channel.3lgll4xbckc2x.notifications/3lh4u5snylc2x",1,0,0,0,0,0,0,0,0,0,0,0,0,0,0,0,0,0,0,0,0,0,0
"app.bsky.feed.post",".facets[].features[app.bsky.richtext.facet#tag].tag","uri","at://did:plc:6li4cee4mhfwvuouapi4guc3/app.bsky.feed.post/3lha3d6w5hc2a",1363,233,96,55,36,16,14,8,13,9,7,15,20,4,1,1,0,1,0,0,0,0,0
"ge.shadowcaster.dev.board.channel.3lgll4xbckc2x.messages",".author.did","did","at://did:plc:gdbw3mid53ebnu55rjdmz4vz/ge.shadowcaster.dev.board.channel.3lgll4xbckc2x.messages/3lh4uaoreyc2x",0,0,0,0,1,0,0,0,0,0,0,0,0,0,0,0,0,0,0,0,0,0,0
"app.bsky.graph.list",".description","uri","at://did:plc:z7miympc7g76s3uyuy6c4qrm/app.bsky.graph.list/3lhhgqnypvn2b",11,0,0,0,0,0,0,0,0,0,0,0,0,0,0,0,0,0,0,0,0,0,0
"xyz.imaginarymachines.stone",".value.holderDid","did","at://did:plc:iz2d4ijedop2b4s3od3kr57w/xyz.imaginarymachines.stone/3li3oowiqis2k",2,0,0,0,0,0,0,0,0,0,0,0,0,0,0,0,0,0,0,0,0,0,0
"social.bsky.vaishnavi-bicycle.commandstate",".authorDid","did","at://did:plc:jcvhkluqenhry6x5hw6y77ai/social.bsky.vaishnavi-bicycle.commandstate/bafyreiexeqzbaj74pegtgel63fgjel2koem2cbnwz3kckck3mj5m3ycssy",0,0,1,0,0,0,0,0,0,0,0,0,0,0,0,0,0,0,0,0,0,0,0
"xyz.statusphere.status",".$orig.uri","at-uri","at://did:plc:2jtyqespp2zfodukwvktqwe6/xyz.statusphere.status/3li7p52s7nj2m",1,0,0,0,0,0,0,0,0,0,0,0,0,0,0,0,0,0,0,0,0,0,0
"community.lexicon.interaction.like",".subject.uri","at-uri","at://did:plc:2huehxznewvgzh3vknb36x5z/community.lexicon.interaction.like/3lhwrsg7hic26",3,2,1,0,0,0,0,0,0,0,0,0,0,0,0,0,0,0,0,0,0,0,0
"app.bsky.graph.block",".subject","did","at://did:plc:azpxzwpjg5dwwrxlq4zbkwnt/app.bsky.graph.block/3liea2hj23726",2039515,300247,134216,74581,48984,34644,25955,20338,16606,13623,21306,27132,45447,23639,11673,5439,2187,835,274,13,0,0,0
"ge.shadowcaster.dev.board.channel.3lglkzsg4zc2x.notifications",".subject.did","did","at://did:plc:gdbw3mid53ebnu55rjdmz4vz/ge.shadowcaster.dev.board.channel.3lglkzsg4zc2x.notifications/3lh4u5vi2g22x",1,0,0,0,0,0,0,0,0,0,0,0,0,0,0,0,0,0,0,0,0,0,0
"app.bsky.graph.listitemview",".list","at-uri","at://did:plc:fa3gzsrpxumiwg7d3ev6igpt/app.bsky.graph.listitemview/3li5u6mlml52e",0,0,0,0,0,1,0,0,0,0,0,0,0,0,0,0,0,0,0,0,0,0,0
"community.lexicon.calendar.event",".uris[].uri","uri","at://did:plc:piobscs63j5o53wzbgqidgj6/community.lexicon.calendar.event/local-bsky-ev-1",1,0,0,0,0,0,0,0,0,0,0,0,0,0,0,0,0,0,0,0,0,0,0
"app.bsky.feed.post",".bridgyOriginalUrl","uri","at://did:plc:nsv7unzcefxywmkz5hkxeliw/app.bsky.feed.post/3lgyyztj3dup2",1118081,23495,5713,1645,563,271,158,122,75,62,84,95,67,23,14,4,1,1,0,0,0,0,0
"network.comind.blips.thought",".context","uri","at://did:plc:ljcmm7vvxki72g3j6rono6sa/network.comind.blips.thought/067b58a6-e0e9-7102-8000-97e0c54d2e68",1,0,0,0,0,0,0,0,0,0,0,0,0,0,0,0,0,0,0,0,0,0,0
"blue.maril.stellar.reaction",".authorDid","did","at://did:plc:2mvmifvb4565xfimv3o6ww4z/blue.maril.stellar.reaction/3lgylu6enac2w",23,9,4,1,2,1,2,0,0,0,1,0,2,1,0,0,0,0,0,0,0,0,0
"exchange.recipe.profile",".links[].url","uri","at://did:plc:26tsx5juuss4yealylyfbj4h/exchange.recipe.profile/did:plc:26tsx5juuss4yealylyfbj4h",1,0,0,0,0,0,0,0,0,0,0,0,0,0,0,0,0,0,0,0,0,0,0
"app.bsky.feed.post",".link","uri","at://did:plc:3dmyptxkaz4wxun4fm4ouqd4/app.bsky.feed.post/3lhuapoalyr2x",212,9,4,0,0,0,0,0,0,1,0,0,0,0,0,0,0,0,0,0,0,0,0
"app.bsky.feed.post",".external.description","uri","at://did:plc:voa5jj4mjj2u76o7cp6qanjz/app.bsky.feed.post/3lia2jva7xm25",1,0,0,0,0,0,0,0,0,0,0,0,0,0,0,0,0,0,0,0,0,0,0
"network.comind.blips.notetoself",".uri","uri","at://did:plc:ljcmm7vvxki72g3j6rono6sa/network.comind.blips.notetoself/067b3e9f-8256-75e4-8000-19de2972a25e",1,0,0,0,0,0,0,0,0,0,0,0,0,0,0,0,0,0,0,0,0,0,0
"app.sonasky.ref",".character.altRef","at-uri","at://did:plc:2ljvyttsagepb22qjie36csp/app.sonasky.ref/3lhdjbshu2k2v",33,1,0,0,0,0,0,0,0,0,0,0,0,0,0,0,0,0,0,0,0,0,0
"ge.shadowcaster.dev.board.channel.3lgll4xbckc2x.members",".memberDid","did","at://did:plc:gdbw3mid53ebnu55rjdmz4vz/ge.shadowcaster.dev.board.channel.3lgll4xbckc2x.members/3lh4u5siwhs2x",1,0,0,0,0,0,0,0,0,0,0,0,0,0,0,0,0,0,0,0,0,0,0
"app.bsky.feed.post",".embed.record.uri","at-uri","at://did:plc:q5z2co6imqfw6tefrm76sp2a/app.bsky.feed.post/3liee5x2g722d",2429586,359228,131862,66463,39804,26450,18839,14075,11060,8882,13017,16266,24054,11994,6265,3224,1354,563,185,10,0,0,0
"app.bluepic.feed.post",".imageUrl","uri","at://did:plc:45aoogydupnxgiqaj5ubaa6z/app.bluepic.feed.post/3lihxyeu6wc26",5,0,0,0,0,0,0,0,0,0,0,0,0,0,0,0,0,0,0,0,0,0,0
"app.bsky.feed.generator",".skyfeedBuilder.blocks[].postUri","at-uri","",3196,108,4,3,2,1,0,1,0,0,1,0,1,0,0,0,0,0,0,0,0,0,0
"app.bsky.actor.profile",".service.endpoint","uri","at://did:plc:2c7szacxx7zpga7xo2zcydqd/app.bsky.actor.profile/self",0,1,0,0,0,0,0,0,0,0,0,0,0,0,0,0,0,0,0,0,0,0,0
"app.bsky.feed.post",".embed.external.facets[].features[app.bsky.richtext.facet#mention].did","did","at://did:plc:dk47d4q3hxmvrteh3elo5fuh/app.bsky.feed.post/3lhisv75yns23",2,0,0,0,0,0,0,0,0,0,0,0,0,0,0,0,0,0,0,0,0,0,0
"app.bsky.feed.post",".reply.parent.record.reply.root.uri","at-uri","at://did:plc:4x27xkw7cb7ysswmk2pdbip5/app.bsky.feed.post/3lhjqvl67w422",19,1,1,0,0,0,1,0,0,0,0,0,0,0,0,0,0,0,0,0,0,0,0
"app.bsky.graph.starterpack",".feeds[].creator.displayName","at-uri","",0,1,0,0,0,0,0,0,0,0,0,0,0,0,0,0,0,0,0,0,0,0,0
"social.psky.chat.message",".content","uri","at://did:plc:jvrydv4jp2y2pdenpchzs5en/social.psky.chat.message/3lht5nzcfzc7l",2,0,0,0,0,0,0,0,0,0,0,0,0,0,0,0,0,0,0,0,0,0,0
"app.bsky.feed.generator",".did","did","at://did:plc:6hhinjcamudtlmfohbfmrsli/app.bsky.feed.generator/valtr-test-feed",74,14,6,0,3,1,0,0,3,1,2,1,4,0,0,2,1,1,1,1,0,0,0
"app.bsky.graph.starterpack",".descriptionFacets[].features[app.bsky.richtext.facet#link].uri","uri","",483,33,7,6,5,0,0,0,0,0,0,0,0,0,0,0,0,0,0,0,0,0,0
"app.bsky.group",".admin","did","at://did:plc:akf5vb5xpceiltp2jdzr32ql/app.bsky.group/3lhybkdt4ug2k",0,0,0,0,0,0,0,0,0,0,0,0,0,0,0,1,0,0,0,0,0,0,0
"xyz.imaginarymachines.stone",".creatorDid","did","",0,0,1,0,0,0,0,0,0,0,0,0,0,0,0,0,0,0,0,0,0,0,0
"app.bsky.feed.post",".acl.allow[].did","did","",0,0,1,0,0,0,0,0,0,0,0,0,0,0,0,0,0,0,0,0,0,0,0
"ge.shadowcaster.dev.board.channel.3lh4ubveobs2x.messages",".author.did","did","at://did:plc:gdbw3mid53ebnu55rjdmz4vz/ge.shadowcaster.dev.board.channel.3lh4ubveobs2x.messages/3lh4ucdzytk2x",1,0,0,0,0,0,0,0,0,0,0,0,0,0,0,0,0,0,0,0,0,0,0
"app.bsky.group.event",".createdBy","did","at://did:plc:akf5vb5xpceiltp2jdzr32ql/app.bsky.group.event/3lhz4ork47x2g",0,0,0,0,0,0,0,0,0,0,0,0,1,0,0,0,0,0,0,0,0,0,0
"app.bsky.actor.profile",".description","uri","",3650,36,12,3,6,2,1,4,3,1,5,6,10,4,0,0,1,0,0,0,0,0,0
"xyz.imaginarymachines.stone",".value.creatorDid","did","at://did:plc:iz2d4ijedop2b4s3od3kr57w/xyz.imaginarymachines.stone/3li3oowiqis2k",0,1,0,0,0,0,0,0,0,0,0,0,0,0,0,0,0,0,0,0,0,0,0
"lol.atmogus.activity.presences",".presences[lol.atmogus.defs.activity#presence].assets.largeImage","uri","",107,7,3,2,1,1,1,1,2,1,0,0,6,7,6,1,2,0,1,0,0,0,0
"app.bsky.graph.starterpack",".feeds[].viewer.like","at-uri","",1213,74,23,4,2,2,0,0,0,2,0,1,4,0,0,0,0,0,0,0,0,0,0
"app.bsky.feed.repost",".subject.uri","at-uri","at://did:plc:ofyv3texbybqcblh3ws4snnp/app.bsky.feed.repost/3liddufecau26",7846738,2353859,1153711,686437,456183,325426,244382,189165,150738,122955,190676,245020,388859,199752,97714,45209,20615,9552,6888,1448,53,0,0
"app.bsky.feed.generator",".skyfeedBuilder.blocks[].did","did","",1761,195,44,31,7,6,8,4,6,0,1,2,0,1,0,0,0,0,0,0,0,0,0
"app.bsky.feed.postgate",".post","at-uri","at://did:web:lathrys.at/app.bsky.feed.postgate/3lhmb4phu7s2o",288550,1,0,0,0,0,0,0,0,0,0,0,0,0,0,0,0,0,0,0,0,0,0
"sh.tangled.repo",".knot","uri","at://did:plc:hwevmowznbiukdf6uk5dwrrq/sh.tangled.repo/3lim5ie4yyq22",0,1,0,0,0,0,0,0,0,0,0,0,0,0,0,0,0,0,0,0,0,0,0
"app.rocksky.shout",".subject.uri","at-uri","",2,1,1,0,0,0,0,1,0,0,0,0,1,0,0,0,0,0,0,0,0,0,0
"app.bsky.feed.post",".reply.parent.value.reply.parent.value.reply.parent.value.reply.parent.uri","at-uri","at://did:plc:vpufthmtudaqzdx6wbctlrmj/app.bsky.feed.post/3lhvcgblkc22i",1,0,0,0,0,0,0,0,0,0,0,0,0,0,0,0,0,0,0,0,0,0,0
"app.bsky.feed.post",".reply.root.author.avatar","uri","at://did:plc:4q3rivxbikxvvcqg2zpjzhxa/app.bsky.feed.post/3li422k5crq2e",3,0,1,0,2,0,0,0,0,0,0,0,1,0,0,2,0,0,0,0,0,0,0
"app.bsky.feed.post",".embed.record.record.embed.images[].fullsize","uri","at://did:plc:snod3ilumvylimodptbpoo53/app.bsky.feed.post/3lilhrvnrvc23",3,0,0,0,0,0,0,0,0,0,0,0,0,0,0,0,0,0,0,0,0,0,0
"ge.shadowcaster.dev.board.channel.3lh4ubveobs2x.members",".channelUri","at-uri","at://did:plc:gdbw3mid53ebnu55rjdmz4vz/ge.shadowcaster.dev.board.channel.3lh4ubveobs2x.members/3lh4uc2bnps2x",1,0,0,0,0,0,0,0,0,0,0,0,0,0,0,0,0,0,0,0,0,0,0
"app.bsky.graph.listblock",".subject","at-uri","at://did:plc:q45mqq4rrkkfqe5xuvc4r377/app.bsky.graph.listblock/3lht3pwayjx2b",2793,909,379,228,164,124,86,89,57,54,76,131,191,128,70,50,27,15,10,0,0,0,0
"app.bsky.feed.post",".skeetsAppHistory.data[].2025-02-01T14:18:24.521Z","uri","at://did:plc:n7zhvgmlwjv67xfuqpmwwyos/app.bsky.feed.post/3lh4pekyvg324",1,0,0,0,0,0,0,0,0,0,0,0,0,0,0,0,0,0,0,0,0,0,0
"ge.shadowcaster.dev.board.channel.3lglkzsg4zc2x.notifications",".channel","at-uri","at://did:plc:gdbw3mid53ebnu55rjdmz4vz/ge.shadowcaster.dev.board.channel.3lglkzsg4zc2x.notifications/3lh4u5vi2g22x",1,0,0,0,0,0,0,0,0,0,0,0,0,0,0,0,0,0,0,0,0,0,0
"app.ngrok-free.4541-2a02-6b67-d942-e300-d453-2fcf-ea9f-1051.entry",".id","uri","at://did:plc:iuxkmtq54kuy4hu3wa3kge6d/app.ngrok-free.4541-2a02-6b67-d942-e300-d453-2fcf-ea9f-1051.entry/3li3tgiahkz24",1,0,0,0,0,0,0,0,0,0,0,0,0,0,0,0,0,0,0,0,0,0,0
"dev.jakestout.atguilds.guild",".members[]","did","",2,2,0,0,0,0,0,0,0,0,0,0,0,0,0,0,0,0,0,0,0,0,0
"app.bsky.labeler.service",".policies.labelValueDefinitions[].locales[].name","uri","",1,0,0,0,0,0,0,0,0,0,0,0,0,0,0,0,0,0,0,0,0,0,0
"my.skylights.rel",".item.ref","uri","",0,0,0,0,0,0,0,0,0,0,0,0,2,0,0,0,0,0,0,0,0,0,0
"app.bsky.feed.generator",".skyfeedBuilder.blocks[].value","uri","at://did:plc:d7rx3uydr7rekih7gkx7dgod/app.bsky.feed.generator/aaadskuyhd7uq",5,0,0,0,0,0,0,0,0,0,0,0,0,0,0,0,0,0,0,0,0,0,0
"social.psky.chat.message",".facets[].features[social.psky.richtext.facet#link].uri","uri","at://did:plc:jvrydv4jp2y2pdenpchzs5en/social.psky.chat.message/3lht5nzcfzc7l",3,0,0,0,0,0,0,0,0,0,0,0,0,0,0,0,0,0,0,0,0,0,0
"app.bsky.feed.post",".facets[app.bsky.richtext.facet].features[app.bsky.richtext.facet#tag].tag","uri","at://did:plc:aw7hpd5p4a3mzq7srxwqtmed/app.bsky.feed.post/3lhweakcbio72",145,24,11,3,2,3,0,1,1,2,1,0,11,2,0,0,0,0,0,0,0,0,0
"ge.shadowcaster.dev.board.channel.3lh4ubveobs2x.notifications",".subject.did","did","at://did:plc:gdbw3mid53ebnu55rjdmz4vz/ge.shadowcaster.dev.board.channel.3lh4ubveobs2x.notifications/3lh4uc2grrs2x",1,0,0,0,0,0,0,0,0,0,0,0,0,0,0,0,0,0,0,0,0,0,0
"app.bsky.feed.post",".images[].alt","uri","at://did:plc:jlqchp3t56ah3jq4rbd5qkhf/app.bsky.feed.post/3lhrxywop3z25",0,1,0,0,0,0,0,0,0,0,0,0,0,0,0,0,0,0,0,0,0,0,0
"app.bsky.feed.post",".entities[].value","uri","at://did:plc:4cl7qvhs5524r2m6pcup4edt/app.bsky.feed.post/3lio7d7vs5n27",3195,276,75,44,30,14,10,14,14,9,18,13,46,0,0,0,0,0,0,0,0,0,0
"place.stream.key",".signingKey","did","at://did:plc:ee3n2hs2wkgrkskrz6whzrfs/place.stream.key/3lhlz27a6qe2d",52,0,0,0,0,0,0,0,0,0,0,0,0,0,0,0,0,0,0,0,0,0,0
"app.netlify.aniblue.status",".status[].thumbnail","uri","",1,0,0,0,0,0,0,0,0,0,0,0,0,0,0,0,0,0,0,0,0,0,0
"app.bsky.graph.follow.create",".subject","did","at://did:plc:eyjxeowpogyn6tipx3yapwlc/app.bsky.graph.follow.create/3lhhalmqr5j2v",25,0,1,0,0,0,0,0,0,0,0,0,0,0,0,0,0,0,0,0,0,0,0
"xyz.statusphere.post",".video","uri","at://did:plc:ycwhmmpcei4ajwdx5osphj2e/xyz.statusphere.post/3li3io3g7wk25",0,0,0,0,0,0,0,0,0,1,0,0,0,0,0,0,0,0,0,0,0,0,0
"app.bsky.feed.post",".embed.images[app.bsky.embed.images#image].alt","uri","at://did:plc:bfk4lrfy5lhyydvkt6jg3wz3/app.bsky.feed.post/3lifb7eebvw2b",210,1,0,0,0,0,0,0,0,1,0,0,0,0,0,0,0,0,0,0,0,0,0
"app.bsky.feed.post",".image","uri","at://did:plc:zmrxe6k64tbkqinca2pghycs/app.bsky.feed.post/3liahf2znm32f",1065,15,0,0,0,0,0,0,0,1,0,0,0,0,0,0,0,0,0,0,0,0,0
"app.bsky.feed.post",".reply.root.uri","at-uri","at://did:plc:utmhhwwmzlbqteuxgsq2osbw/app.bsky.feed.post/3libita4cck2g",5080094,2375846,1243923,815167,529752,384633,276843,214199,164464,132494,193930,231193,302587,112827,41079,15850,6702,3126,1898,125,1,0,0
"app.bsky.feed.threadgate",".hiddenReplies[]","at-uri","",61418,0,0,0,0,0,0,0,0,0,0,0,0,0,0,0,0,0,0,0,0,0,0
"app.popsky.listItem",".listUri","at-uri","at://did:plc:4cytq7nt7j52ztnqzbvbq6ma/app.popsky.listItem/3lhadoridos2z",4,0,1,0,0,0,0,1,0,0,0,0,0,0,0,0,0,0,0,0,0,0,0
"app.bsky.feed.post",".embed.external.uri","at-uri","at://did:plc:27lihx65yoe5d6ii66olht3k/app.bsky.feed.post/3lhxjtia72hn2",141,0,0,0,0,0,0,0,0,0,0,0,0,0,0,0,0,0,0,0,0,0,0
"network.comind.blips.messagetoadministrator",".uri","uri","at://did:plc:ljcmm7vvxki72g3j6rono6sa/network.comind.blips.messagetoadministrator/067b3e9f-8256-7460-8000-1e22f1df1b92",1,0,0,0,0,0,0,0,0,0,0,0,0,0,0,0,0,0,0,0,0,0,0
"app.bsky.feed.post",".facets[].features[app.bsky.richtext.facet#link].uri","at-uri","at://did:plc:wnnem3ed7dqgdbljxq47onjq/app.bsky.feed.post/3libh7lbf2v2w",2,0,0,0,0,0,0,0,0,0,0,0,0,0,0,0,0,0,0,0,0,0,0
"community.lexicon.bookmarks.bookmark",".subject","at-uri","at://did:plc:7ojp52ncy5ay6ldsj3db6joj/community.lexicon.bookmarks.bookmark/3lhf2fhlq6y2w",1,0,0,0,0,0,0,0,0,0,0,0,0,0,0,0,0,0,0,0,0,0,0
"app.bsky.feed.post",".text","at-uri","at://did:web:juli.ee/app.bsky.feed.post/3lhjrpucozc2s",3,0,0,0,0,0,0,0,0,0,0,0,0,0,0,0,0,0,0,0,0,0,0
"com.ruthub.blog",".keys[]","at-uri","at://did:plc:djthigtyew7fmuzjgmakdsk5/com.ruthub.blog/blog",1,0,0,0,0,0,0,0,0,0,0,0,0,0,0,0,0,0,0,0,0,0,0
"app.bsky.feed.post",".embed.record.record.viewer.repost","at-uri","at://did:plc:snod3ilumvylimodptbpoo53/app.bsky.feed.post/3lijvcm6ct72m",1,0,0,0,0,0,0,0,0,0,0,0,0,0,0,0,0,0,0,0,0,0,0
"ge.shadowcaster.dev.board.channel.3lh4ubveobs2x.notifications",".channel","at-uri","at://did:plc:gdbw3mid53ebnu55rjdmz4vz/ge.shadowcaster.dev.board.channel.3lh4ubveobs2x.notifications/3lh4uc2grrs2x",1,0,0,0,0,0,0,0,0,0,0,0,0,0,0,0,0,0,0,0,0,0,0
"app.bsky.feed.post",".reply.parent.value.reply.parent.value.embed.record.record.uri","at-uri","at://did:plc:vpufthmtudaqzdx6wbctlrmj/app.bsky.feed.post/3lhvbypt4ts2a",1,0,0,0,0,0,0,0,0,0,0,0,0,0,0,0,0,0,0,0,0,0,0
"app.bsky.feed.repost",".uri","at-uri","at://did:plc:lvdqddxh53kt6klgu7u4gdfb/app.bsky.feed.repost/3lhyc4hdxtz2i",87,0,0,0,0,0,0,0,0,0,0,0,0,0,0,0,0,0,0,0,0,0,0
"app.bsky.actor.profile",".services.bsky_fg.service","uri","",1,0,0,0,0,0,0,0,0,0,0,0,0,0,0,0,0,0,0,0,0,0,0
"app.bsky.feed.generator",".descriptionFacets[].features[app.bsky.richtext.facet#link].uri","uri","at://did:plc:ggvuq4tain4libi6pl2g2bdm/app.bsky.feed.generator/19030be48a8fe8e",7,1,0,0,0,0,0,0,0,0,0,0,0,0,0,0,0,0,0,0,0,0,0
"app.bsky.feed.post",".reply.root.value.embed.record.record.uri","at-uri","at://did:plc:kbchxc4qboimt7nbuq7kjp3g/app.bsky.feed.post/3lhos6cax7h2v",1,0,0,0,0,0,0,1,0,0,0,0,0,0,0,0,0,0,0,0,0,0,0
"app.bsky.actor.profile",".displayName","at-uri","at://did:plc:7opjnfmb6gtbgjrsr3777ujx/app.bsky.actor.profile/self",1,0,0,0,0,0,0,0,0,0,0,0,0,0,0,0,0,0,0,0,0,0,0
"app.bsky.feed.generator",".skyfeedBuilder.parent.parent.parentUri","at-uri","at://did:plc:vhzquiqf6snti6n6qwgkseo3/app.bsky.feed.generator/aaalvnewohii4",1,0,0,0,0,0,0,0,0,0,0,0,0,0,0,0,0,0,0,0,0,0,0
"fyi.unravel.frontpage.comment",".parent.uri","at-uri","at://did:plc:kv7sv4lynbv5s6gdhn5r5vcw/fyi.unravel.frontpage.comment/3lhwzlufwus2p",9,2,0,0,0,0,0,0,0,0,0,0,0,0,0,0,0,0,0,0,0,0,0
"app.bsky.graph.starterpack",".feeds[].labels[].uri","at-uri","",33,4,2,0,1,1,0,1,0,1,0,0,0,1,0,0,0,0,0,0,0,0,0
"ge.shadowcaster.dev.board.channel.3lh4uddvbzk2x.members",".channelUri","at-uri","at://did:plc:gdbw3mid53ebnu55rjdmz4vz/ge.shadowcaster.dev.board.channel.3lh4uddvbzk2x.members/3lh4udkjg4c2x",1,0,0,0,0,0,0,0,0,0,0,0,0,0,0,0,0,0,0,0,0,0,0
"app.bsky.feed.post",".skeetsAppHistory.data[].2025-02-02T14:01:53.112Z","uri","at://did:plc:ljqexd2ovaejoew2povsstvi/app.bsky.feed.post/3lh76vwqzsi2g",1,0,0,0,0,0,0,0,0,0,0,0,0,0,0,0,0,0,0,0,0,0,0
"app.bsky.feed.generator",".skyfeedBuilder.blocks[].link","uri","at://did:plc:imtthwugvtsrbwutkqqhtqya/app.bsky.feed.generator/aaaibnwwn3p4g",1,0,0,0,0,0,0,0,0,0,0,0,0,0,0,0,0,0,0,0,0,0,0
"app.bsky.directMessage",".recipient","did","at://did:plc:weduwh2pissdaq467zal7ukh/app.bsky.directMessage/3lhngbj5nxl23",0,0,1,0,0,0,0,0,0,0,0,0,0,0,0,0,0,0,0,0,0,0,0
"app.bsky.graph.starterpack",".feeds[].creator.description","uri","",0,0,0,0,0,0,0,0,0,0,0,0,0,0,1,0,0,0,0,0,0,0,0
"app.bsky.feed.post",".reply.parent.author.viewer.followedBy","at-uri","at://did:plc:4x27xkw7cb7ysswmk2pdbip5/app.bsky.feed.post/3lhfdpyxyvp2n",0,1,0,1,0,1,0,1,0,0,0,0,1,0,1,0,0,0,0,0,0,0,0
"dev.mikchan.atfs.bookmark",".root.owner","did","",0,1,0,0,0,0,0,0,0,0,0,0,0,0,0,0,0,0,0,0,0,0,0
"app.bsky.feed.post",".embed.media.external.preview","uri","at://did:plc:kesdxavt7jkgrhbumsyyox35/app.bsky.feed.post/3lik43efuqk23",6,0,0,0,0,0,0,0,0,0,0,0,0,0,0,0,0,0,0,0,0,0,0
"app.bsky.feed.post",".embed.media.images[app.bsky.embed.images#image].alt","uri","at://did:plc:ej3ypap4yaiqhdtoavfapqga/app.bsky.feed.post/3lhlxzqwhkh42",1,0,0,0,0,0,0,0,0,0,0,0,0,0,0,0,0,0,0,0,0,0,0
"app.bsky.graph.list",".posts[].author.avatar","uri","",0,0,0,0,0,0,0,0,0,0,0,0,0,1,0,0,0,0,0,0,0,0,0
"events.smokesignal.calendar.event",".location.url","uri","at://did:plc:6x6egpvkpfeszbzmn5u3lczh/events.smokesignal.calendar.event/3lhylbxekm52d",1,0,0,0,0,0,0,0,0,0,0,0,0,0,0,0,0,0,0,0,0,0,0
"app.bsky.feed.post",".reply.parent.uri","at-uri","at://did:plc:utmhhwwmzlbqteuxgsq2osbw/app.bsky.feed.post/3libita4cck2g",28907270,3594105,1066633,493918,280338,179006,122729,88364,66686,51854,74140,86204,108049,42349,17181,8115,3920,1955,1008,35,1,0,0
"link.woosh.linkPage",".collections[].links[].uri","uri","",53,0,0,0,0,0,0,0,0,0,0,0,0,0,0,0,0,0,0,0,0,0,0
"app.bsky.graph.starterpack",".feeds[].descriptionFacets[].features[app.bsky.richtext.facet#mention].did","did","",1,0,0,0,0,0,0,0,0,0,0,0,0,0,0,0,0,0,0,0,0,0,0
"network.comind.link",".target.uri","uri","at://did:plc:ljcmm7vvxki72g3j6rono6sa/network.comind.link/3lij4gimxaf2w",467,3,2,2,0,0,0,0,0,0,0,1,0,0,0,0,0,0,0,0,0,0,0
"exchange.recipe.recipe",".attribution.url","uri","",2,0,0,0,0,0,0,0,0,0,0,0,0,0,0,0,0,0,0,0,0,0,0
"chat.tinychat.core.message",".reply.parent.uri","at-uri","at://did:plc:ubdeopbbkbgedccgbum7dhsh/chat.tinychat.core.message/3lgxlrd6xgc2b",408,1,1,1,0,0,0,0,0,0,0,0,0,0,0,0,0,0,0,0,0,0,0
"red.pinned.concept.collectionmember",".next.uri","at-uri","at://did:plc:5uzszbdtpxkiqezww6g7s53o/red.pinned.concept.collectionmember/3lgyii4fafl2y",4,0,0,0,0,0,0,0,0,0,0,0,0,0,0,0,0,0,0,0,0,0,0
"app.bsky.graph.list",".descriptionFacets[].features[app.bsky.richtext.facet#link].uri","uri","at://did:plc:zeyumgxlhefv7vntlr3kx745/app.bsky.graph.list/3libxr5novm2x",652,17,3,1,1,2,1,1,1,0,0,0,1,1,0,0,0,0,0,0,0,0,0
"app.bsky.feed.generator",".skyfeedBuilder.blocks[].feedUri","at-uri","",172,15,6,0,0,0,0,0,0,0,1,1,1,0,0,0,0,0,0,0,0,0,0
"red.pinned.concept.collection",".head.uri","at-uri","",1,0,0,0,0,0,0,0,0,0,0,0,0,0,0,0,0,0,0,0,0,0,0
"app.bsky.feed.post",".reply.parent.author.avatar","uri","at://did:plc:4q3rivxbikxvvcqg2zpjzhxa/app.bsky.feed.post/3li42gypnah23",0,0,0,0,0,1,1,0,0,0,0,0,1,0,1,1,0,0,0,0,0,0,0
"ge.shadowcaster.dev.board.channel.3lh4ubveobs2x.messages",".channel","at-uri","at://did:plc:gdbw3mid53ebnu55rjdmz4vz/ge.shadowcaster.dev.board.channel.3lh4ubveobs2x.messages/3lh4ucdzytk2x",1,0,0,0,0,0,0,0,0,0,0,0,0,0,0,0,0,0,0,0,0,0,0
"app.bsky.feed.post",".reply.parent.record.reply.root.author.did","did","at://did:plc:4x27xkw7cb7ysswmk2pdbip5/app.bsky.feed.post/3lhhhree4k62n",1,0,0,0,0,0,1,0,0,0,0,0,0,0,0,0,0,0,0,0,0,0,0
"com.branch.community",".avatar","uri","",1,0,0,0,0,0,0,0,0,0,0,0,0,0,0,0,0,0,0,0,0,0,0
"app.hobbyhub.miniature",".imageUrl","uri","at://did:plc:b2cscbdwoddanbcnbh3rnn66/app.hobbyhub.miniature/3lioqcx7hsw2d",2,0,0,0,0,0,0,0,0,0,0,0,0,0,0,0,0,0,0,0,0,0,0
"app.bsky.feed.post",".reply.parent.record.reply.root.record.facets[app.bsky.richtext.facet].features[app.bsky.richtext.facet#mention].did","did","at://did:plc:4q3rivxbikxvvcqg2zpjzhxa/app.bsky.feed.post/3li3wcwvqpj2h",1,0,0,0,0,0,1,0,0,0,0,0,0,0,0,0,0,0,0,0,0,0,0
"app.bsky.feed.post",".root.uri","at-uri","at://did:plc:4ybdml7a2f32eg36d3jb65so/app.bsky.feed.post/3lgxr3sgebm23",3,0,1,0,0,0,0,0,0,0,0,0,0,0,0,0,0,0,0,0,0,0,0
"app.bsky.feed.post",".reply.parent.value.reply.parent.value.reply.parent.uri","at-uri","at://did:plc:vpufthmtudaqzdx6wbctlrmj/app.bsky.feed.post/3lhvcatfnzs2i",2,0,0,0,0,0,0,0,0,0,0,0,0,0,0,0,0,0,0,0,0,0,0
"chat.roomy.v0.store",".key[]","did","",2,0,1,0,0,1,0,0,0,0,0,0,1,0,0,0,0,0,0,0,0,0,0
"app.bsky.feed.post",".embed.images[].alt","uri","at://did:plc:4oupjbl2twr6bykubtgevid6/app.bsky.feed.post/3lhihmcne422h",4185,142,39,11,10,5,2,3,1,0,2,2,4,1,0,1,0,0,0,0,0,0,0
"app.sonasky.ref",".character.description","uri","at://did:plc:jxtpg646iichvhegshjt43gg/app.sonasky.ref/3lie2uwwsbs2y",1,0,0,0,0,0,0,0,0,0,0,0,0,0,0,0,0,0,0,0,0,0,0
"blue.badge.collection",".did","did","at://did:plc:2wmjihpa4o2myl4jowni24s6/blue.badge.collection/3lgygalusaa2u",0,0,4,2,0,1,0,0,0,0,1,0,0,0,0,0,0,0,0,0,0,0,0
"app.vercel.content-archive.entry",".url","uri","at://did:plc:iuxkmtq54kuy4hu3wa3kge6d/app.vercel.content-archive.entry/223limqa4vpgv",2,0,0,0,0,0,0,0,0,0,0,0,0,0,0,0,0,0,0,0,0,0,0
"app.bsky.feed.post",".reply.parent.value.reply.parent.value.reply.parent.value.reply.parent.value.facets[].features[app.bsky.richtext.facet#link].uri","uri","at://did:plc:vpufthmtudaqzdx6wbctlrmj/app.bsky.feed.post/3lhvcgblkc22i",1,0,0,0,0,0,0,0,0,0,0,0,0,0,0,0,0,0,0,0,0,0,0
"app.bsky.feed.post",".reply.root.record.reply.root.embed.images[].thumb","uri","at://did:plc:q6lzfo6rbsycgpluhcqv3344/app.bsky.feed.post/3limrddh4pk23",0,0,0,0,0,0,0,0,0,0,0,0,1,0,0,0,0,0,0,0,0,0,0
"app.bsky.feed.post",".embed.external.thumbnail","uri","at://did:plc:jydphz3eq7ql2tbfhnmiczvf/app.bsky.feed.post/3libqc5gixm2l",3,1,1,0,0,0,0,0,0,0,0,1,0,3,0,1,0,0,0,0,0,0,0
"app.bsky.feed.post",".reply.parent.record.reply.root.author.avatar","uri","at://did:plc:4x27xkw7cb7ysswmk2pdbip5/app.bsky.feed.post/3lhhhree4k62n",1,0,0,0,0,0,1,0,0,0,0,0,0,0,0,0,0,0,0,0,0,0,0
"events.smokesignal.calendar.rsvp",".subject.uri","at-uri","at://did:plc:fwoq4y4ddxuoye2io4peagju/events.smokesignal.calendar.rsvp/3lhylcsww5w2f",4,3,0,0,0,0,0,0,0,0,0,0,1,0,0,0,0,0,0,0,0,0,0
"app.bsky.feed.post",".embed.facets[].features[].uri","uri","at://did:plc:lbbvh26ouausjnljkamgtxfj/app.bsky.feed.post/3lgxmrqw3bs2a",3,0,0,0,0,0,0,0,0,0,0,0,0,0,0,0,0,0,0,0,0,0,0
"sh.tangled.graph.follow",".subject","did","",0,0,1,0,0,0,0,0,0,0,0,0,0,0,0,0,0,0,0,0,0,0,0
"app.bsky.actor.profile",".pinned_post.uri","at-uri","",2,0,0,0,0,0,0,0,0,0,0,0,0,0,0,0,0,0,0,0,0,0,0
"space.polypod.pinkgill.delete",".tile","at-uri","at://did:plc:izttpdp3l6vss5crelt5kcux/space.polypod.pinkgill.delete/3lgzzpswm6c2y",8,0,1,0,0,0,0,0,0,0,0,0,0,0,0,0,0,0,0,0,0,0,0
"app.bsky.feed.generator",".skyfeedBuilder.blocks[].listUri","did","",2,0,0,0,0,0,0,0,0,0,0,0,0,0,0,0,0,0,0,0,0,0,0
"social.psky.chat.message",".facets[].features[social.psky.richtext.facet#mention].did","did","at://did:plc:nblqefnc2qwy7nt5misrkuqs/social.psky.chat.message/3lhpixg544s5g",2,0,0,0,0,0,0,0,0,0,0,0,0,0,0,0,0,0,0,0,0,0,0
"app.bsky.message.direct",".recipient","did","at://did:plc:6zrb5zeumqga55alioi5cq6c/app.bsky.message.direct/dm_did:plc:3ijusmsw4eizbtvn3k263rhv",42,5,0,0,0,0,0,0,0,0,0,0,0,0,0,0,0,0,0,0,0,0,0
"app.bsky.feed.post",".reply.parent.value.reply.parent.value.facets[].features[app.bsky.richtext.facet#link].uri","uri","at://did:plc:vpufthmtudaqzdx6wbctlrmj/app.bsky.feed.post/3lhvcatfnzs2i",8,0,0,0,0,0,0,0,0,0,0,0,0,0,0,0,0,0,0,0,0,0,0
"app.ngrok-free.f217-185-199-103-138.entry",".url","uri","",1,1,0,0,0,0,0,0,0,0,0,0,0,0,0,0,0,0,0,0,0,0,0
"app.bsky.feed.post",".parentReply","at-uri","at://did:plc:jlqchp3t56ah3jq4rbd5qkhf/app.bsky.feed.post/3lhrvxadid224",1,0,0,0,0,0,0,0,0,0,0,0,0,0,0,0,0,0,0,0,0,0,0
"app.bsky.feed.post",".reply.parent.value.reply.root.value.embed.record.record.uri","at-uri","at://did:plc:vpufthmtudaqzdx6wbctlrmj/app.bsky.feed.post/3lhvcgblkc22i",0,0,1,0,0,0,0,0,0,0,0,0,0,0,0,0,0,0,0,0,0,0,0
"app.bsky.feed.generator",".skyfeedBuilder.parent.blocks[].feedUri","at-uri","",5,0,0,0,0,0,0,0,0,0,0,0,0,0,0,0,0,0,0,0,0,0,0
"app.bluepic.feed.like",".subject.uri","at-uri","at://did:plc:xtcggsgdivixamwz6w7gplf4/app.bluepic.feed.like/3life2beab22q",1,1,0,0,0,0,0,0,0,0,0,0,0,0,0,0,0,0,0,0,0,0,0
"app.bsky.feed.generator",".description","uri","",2,0,0,0,0,0,0,0,0,0,0,0,0,0,0,0,0,0,0,0,0,0,0
"app.bsky.feed.post",".reply.parent.value.reply.parent.value.reply.root.value.embed.record.record.uri","at-uri","at://did:plc:vpufthmtudaqzdx6wbctlrmj/app.bsky.feed.post/3lhvcgblkc22i",0,1,0,0,0,0,0,0,0,0,0,0,0,0,0,0,0,0,0,0,0,0,0
"app.bsky.actor.profile",".bridgyOriginalDescription","uri","at://did:plc:ih26b5xrmnbmewlawzr33zvw/app.bsky.actor.profile/self",1,0,0,0,0,0,0,0,0,0,0,0,0,0,0,0,0,0,0,0,0,0,0
"app.bsky.feed.generator",".skyfeedBuilder.parent.parent.blocks[].did","did","at://did:plc:gxatddge6yznhczdjaclibcg/app.bsky.feed.generator/aaap5xj5maybs",1,0,0,0,0,0,0,0,0,0,0,0,0,0,0,0,0,0,0,0,0,0,0
"app.bsky.feed.threadgate",".allow[].list","at-uri","at://did:plc:74hgwbxu4xppohh6gjhnozzh/app.bsky.feed.threadgate/3lgxo2q4k7k2d",8,1,1,0,0,0,0,0,0,0,0,0,0,0,0,0,0,0,0,0,0,0,0
"app.bsky.feed.generator",".skyfeedBuilder.parentUri","at-uri","at://did:plc:2aeajdh34t4w2t24bpeuhtyv/app.bsky.feed.generator/aaallviczn54e",63,5,0,1,0,0,0,0,0,0,0,0,0,0,0,0,0,0,0,0,0,0,0
"app.bsky.feed.post",".reply.parent.value.reply.parent.value.reply.parent.value.reply.root.value.facets[].features[app.bsky.richtext.facet#link].uri","uri","at://did:plc:vpufthmtudaqzdx6wbctlrmj/app.bsky.feed.post/3lhvcgblkc22i",1,0,0,0,0,0,0,0,0,0,0,0,0,0,0,0,0,0,0,0,0,0,0
"app.bsky.feed.post",".reply_to.root.uri","at-uri","at://did:plc:lvdiyls7l4wtzcdotzht6c3n/app.bsky.feed.post/3lgyu5mwz4622",30,0,0,0,0,0,0,0,0,0,0,0,0,0,0,0,0,0,0,0,0,0,0
"ar.com.cabildoabierto.dataBlock",".dataset.uri","at-uri","at://did:plc:2356xofv4ntrbu42xeilxjnb/ar.com.cabildoabierto.dataBlock/3liljli3q762j",5,0,0,0,0,0,0,0,0,0,0,0,0,0,0,0,0,0,0,0,0,0,0
"app.bsky.feed.post",".embed.media.images[].alt","uri","at://did:plc:6s2mlyhd6v5hxsmdqg66slos/app.bsky.feed.post/3lhzpjxccwk25",265,7,4,0,1,1,0,0,1,0,0,0,0,0,0,0,0,0,0,0,0,0,0
"blue.riff.track",".artworkUri","uri","at://did:plc:xewiqn7jhknfa2bw55zm6dny/blue.riff.track/3lh65lijc6m2u",0,0,1,0,0,0,0,0,0,0,0,0,0,0,0,0,0,0,0,0,0,0,0
"app.bsky.graph.list",".creator","did","",1,0,0,0,0,0,0,0,0,0,0,0,0,0,0,0,0,0,0,0,0,0,0
"app.bsky.feed.post",".text","did","at://did:plc:4nsduwlpivpuur4mqkbfvm6a/app.bsky.feed.post/3lhibtufbu22u",1,0,0,0,0,0,0,0,0,0,0,0,0,0,0,0,0,0,0,0,0,0,0
"app.bsky.feed.generator",".skyfeedBuilder.blocks[].actorDid","did","at://did:plc:tp4t75rh47fptz3f2x5iep7r/app.bsky.feed.generator/aaacsyfcyfens",1,0,0,0,0,0,0,0,0,0,0,0,0,0,0,0,0,0,0,0,0,0,0
"app.bsky.feed.post",".external.uri","uri","at://did:plc:voa5jj4mjj2u76o7cp6qanjz/app.bsky.feed.post/3li3463o5462x",14277,2453,755,431,337,211,167,96,53,21,22,1,0,0,0,0,0,0,0,0,0,0,0
"app.bsky.feed.threadgate",".allow[app.bsky.feed.threadgate#listRule].list","at-uri","at://did:plc:r6akio77i3pqkgys47yiivag/app.bsky.feed.threadgate/3lh5b27gh2x2q",646,147,105,38,29,21,13,19,15,8,28,26,55,42,38,18,12,4,0,0,0,0,0
"app.bsky.feed.post",".embed.images[].data","uri","at://did:plc:egyyprnmzhx3bjvoutt6czsb/app.bsky.feed.post/3lht3c35lc72y",1,5,0,0,0,0,0,0,0,0,0,0,0,0,0,0,0,0,0,0,0,0,0
"app.bsky.feed.post",".external.title","uri","at://did:plc:voa5jj4mjj2u76o7cp6qanjz/app.bsky.feed.post/3lia2jva7xm25",1,0,0,0,0,0,0,0,0,0,0,0,0,0,0,0,0,0,0,0,0,0,0
"com.branch.community",".creatorDid","did","at://did:plc:a6sjkaw7rbgb6odjqhbx2hg3/com.branch.community/3limucapd422c",1,0,0,0,0,0,0,0,0,0,0,0,0,0,0,0,0,0,0,0,0,0,0
"ge.shadowcaster.dev.board.channel.3lh4ubveobs2x.members",".memberDid","did","at://did:plc:gdbw3mid53ebnu55rjdmz4vz/ge.shadowcaster.dev.board.channel.3lh4ubveobs2x.members/3lh4uc2bnps2x",1,0,0,0,0,0,0,0,0,0,0,0,0,0,0,0,0,0,0,0,0,0,0
"app.bsky.feed.post",".reply.parent.value.reply.parent.value.reply.parent.value.embed.record.record.uri","at-uri","at://did:plc:vpufthmtudaqzdx6wbctlrmj/app.bsky.feed.post/3lhvcatfnzs2i",1,0,0,0,0,0,0,0,0,0,0,0,0,0,0,0,0,0,0,0,0,0,0
"app.bsky.feed.post",".facets[].features[].tag","uri","at://did:plc:2mj47mjy575rekauzbmubsmd/app.bsky.feed.post/3lgxlrgbi3k2p",8,0,0,0,0,0,0,0,0,0,0,0,0,0,0,0,0,0,0,0,0,0,0
"app.bsky.feed.post",".labels.values[].src","did","at://did:plc:aqhhu5xr2jf2dhl6hfmips6r/app.bsky.feed.post/3lioqzitsnj2l",0,0,0,0,0,0,0,0,0,0,0,0,0,0,0,0,0,1,0,0,0,0,0
"app.bsky.feed.post",".reply.root.record.reply.parent.uri","at-uri","at://did:plc:q6lzfo6rbsycgpluhcqv3344/app.bsky.feed.post/3limrddh4pk23",0,0,0,0,0,0,0,0,0,0,0,0,1,0,0,0,0,0,0,0,0,0,0
"xyz.imaginarymachines.stone",".uri","at-uri","at://did:plc:iz2d4ijedop2b4s3od3kr57w/xyz.imaginarymachines.stone/3li3oowiqis2k",2,0,0,0,0,0,0,0,0,0,0,0,0,0,0,0,0,0,0,0,0,0,0
"ar.com.cabildoabierto.quotePost",".reply.parent.uri","at-uri","at://did:plc:2356xofv4ntrbu42xeilxjnb/ar.com.cabildoabierto.quotePost/3lhjrc3u3qy22",2,1,0,0,0,0,0,0,0,0,0,0,0,0,0,0,0,0,0,0,0,0,0
"ge.shadowcaster.dev.board.channel.3lglkzsg4zc2x.members",".channelUri","at-uri","at://did:plc:gdbw3mid53ebnu55rjdmz4vz/ge.shadowcaster.dev.board.channel.3lglkzsg4zc2x.members/3lh4u5vcufk2x",1,0,0,0,0,0,0,0,0,0,0,0,0,0,0,0,0,0,0,0,0,0,0
"app.bsky.graph.starterpack",".feeds[].creator.labels[].uri","did","",198,34,10,7,12,2,9,2,1,4,6,3,17,9,7,2,1,0,0,0,0,0,0
"app.bsky.feed.generator",".skyfeedBuilder.parent.blocks[].did","did","",35,0,0,0,0,0,0,0,0,0,0,0,0,0,0,0,0,0,0,0,0,0,0
"app.bsky.feed.post",".facets[].features[app.bsky.richtext.facet#link].uri","uri","at://did:plc:5zlsjzjir6iika5kbizrbzyy/app.bsky.feed.post/3lhjuzhab4z2k",6790776,485587,143952,72004,40482,26875,19442,15315,11358,9097,13169,16331,22538,8744,3258,1247,565,240,113,20,2,0,0
"app.bsky.graph.starterpack",".feeds[].descriptionFacets[].features[app.bsky.richtext.facet#link].uri","uri","",1,0,0,0,0,0,0,0,0,0,0,0,0,0,0,0,0,0,0,0,0,0,0
"events.smokesignal.calendar.event",".location[events.smokesignal.calendar.location#virtual].url","uri","at://did:plc:cbkjy5n7bk3ax2wplmtjofq2/events.smokesignal.calendar.event/3lhhmmxkaoy2z",1,0,0,0,0,0,0,0,0,0,0,0,0,0,0,0,0,0,0,0,0,0,0
"app.bsky.feed.post",".reply.parent.value.facets[].features[app.bsky.richtext.facet#link].uri","uri","at://did:plc:vpufthmtudaqzdx6wbctlrmj/app.bsky.feed.post/3lhvcgblkc22i",17,1,0,0,0,0,0,0,0,0,0,0,0,0,0,0,0,0,0,0,0,0,0
"network.comind.blips.emotion",".uri","uri","at://did:plc:ljcmm7vvxki72g3j6rono6sa/network.comind.blips.emotion/067b3e9f-8255-7d10-8000-dcb94ed8e0d8",1,0,0,0,0,0,0,0,0,0,0,0,0,0,0,0,0,0,0,0,0,0,0
"app.bsky.actor.profile",".labels.values[].src","did","at://did:plc:3ka3ipkwrykl66er7eeql3e5/app.bsky.actor.profile/self",38,0,2,0,0,0,0,0,0,0,0,0,0,0,0,0,0,0,0,0,0,0,0
"app.bsky.feed.post",".embed.media.external.uri","uri","at://did:plc:wyebkpnvkigjcffwmrbfqtlp/app.bsky.feed.post/3lh27d7fcnc2s",210245,23904,8648,4226,2488,1711,1075,809,604,505,685,732,896,269,106,22,4,1,0,0,0,0,0
"app.bsky.feed.generator",".facets[].features[app.bsky.richtext.facet#link].uri","uri","at://did:plc:57izfrw5xr624bpzqli5ng4u/app.bsky.feed.generator/test",3,0,0,0,0,0,0,0,0,0,0,0,0,0,0,0,0,0,0,0,0,0,0
"app.bsky.feed.post",".parent.uri","at-uri","at://did:plc:4ybdml7a2f32eg36d3jb65so/app.bsky.feed.post/3lgxr3sgebm23",3,0,1,0,0,0,0,0,0,0,0,0,0,0,0,0,0,0,0,0,0,0,0
"app.bsky.feed.post",".reply.root.record.reply.root.uri","at-uri","at://did:plc:q6lzfo6rbsycgpluhcqv3344/app.bsky.feed.post/3limrddh4pk23",0,0,0,0,0,0,0,0,0,0,0,0,1,0,0,0,0,0,0,0,0,0,0
"app.bsky.graph.starterpack",".feeds[].creator.viewer.blockingByList.viewer.blocked","at-uri","at://did:plc:2yq4mvi5jcpojrzsdptluskn/app.bsky.graph.starterpack/3lahr5z6max2f",6,0,0,0,0,0,0,0,0,0,0,0,0,0,0,0,0,0,0,0,0,0,0
"fyi.unravel.frontpage.comment",".post.uri","at-uri","at://did:plc:h4s4kqqg2d2f7m4337244vyj/fyi.unravel.frontpage.comment/3lhulgfpi3v2c",9,3,2,0,1,1,1,0,0,0,0,0,0,0,0,0,0,0,0,0,0,0,0
"my.skylights.rel",".crosspost.uri","at-uri","at://did:plc:257wekqxg4hyapkq6k47igmp/my.skylights.rel/3lhy6btwar22i",4,0,0,0,0,0,0,0,0,0,0,0,0,0,0,0,0,0,0,0,0,0,0
"app.bsky.feed.post",".text","uri","at://did:plc:bo53bfyroo2jy3hvfiwvg2u5/app.bsky.feed.post/3likwsj3vys2z",22523,989,278,138,78,57,38,26,28,14,30,38,58,33,17,5,5,3,0,0,0,0,0
"lol.atmogus.activity.presences",".presences[lol.atmogus.defs.activity#presence].details","uri","",1,0,0,0,0,0,0,0,0,0,0,0,0,0,0,0,0,0,0,0,0,0,0
"network.comind.link",".target.uri","at-uri","at://did:plc:ljcmm7vvxki72g3j6rono6sa/network.comind.link/3liljtvfntc2m",2554,84,39,12,17,15,3,3,1,3,3,0,4,2,1,0,0,0,0,0,0,0,0
"app.bsky.feed.post",".reply.parent.value.reply.parent.value.reply.parent.value.facets[].features[app.bsky.richtext.facet#link].uri","uri","at://did:plc:vpufthmtudaqzdx6wbctlrmj/app.bsky.feed.post/3lhvcgblkc22i",4,0,0,0,0,0,0,0,0,0,0,0,0,0,0,0,0,0,0,0,0,0,0
"app.bsky.feed.post",".embed.media.external.title","uri","at://did:plc:pytqbn5bdehpu3tkgs5hwflo/app.bsky.feed.post/3lgxu2nbtwc2q",82,3,0,0,0,0,0,0,0,0,0,0,0,0,0,0,0,0,0,0,0,0,0
"xyz.statusphere.link",".url","uri","at://did:plc:qjofkylwgznjcni7aywlpox3/xyz.statusphere.link/3lhatic3xas23",3,0,0,0,0,0,0,0,0,0,0,0,0,0,0,0,0,0,0,0,0,0,0
"app.bluepic.feed.like",".userId","did","at://did:plc:5knctak6obvqpulvxfww2b4x/app.bluepic.feed.like/3lihqivgs422x",1,1,0,0,0,0,0,0,0,0,0,0,0,0,0,0,0,0,0,0,0,0,0
"network.comind.blips.concept",".uri","uri","at://did:plc:ljcmm7vvxki72g3j6rono6sa/network.comind.blips.concept/contentment",45,0,0,0,0,0,0,0,0,0,0,0,0,0,0,0,0,0,0,0,0,0,0
"place.stream.livestream",".url","uri","at://did:plc:ee3n2hs2wkgrkskrz6whzrfs/place.stream.livestream/3limqlvovc22b",0,0,0,0,0,0,0,0,0,0,0,1,0,1,0,0,0,0,0,0,0,0,0
"app.bsky.graph.listItem",".listUri","at-uri","at://did:plc:6p7fvav7ldb43pokmmpgakpw/app.bsky.graph.listItem/3liaxmfkwou2o",0,0,0,0,0,0,0,0,0,0,0,0,0,0,0,0,0,1,0,0,0,0,0
"app.bsky.graph.list",".posts[].comments[].author","did","at://did:plc:akf5vb5xpceiltp2jdzr32ql/app.bsky.graph.list/3li3ip42c5z24",0,0,0,0,0,0,0,0,0,0,0,0,0,1,0,0,0,0,0,0,0,0,0
"app.bsky.feed.generator",".skyfeedBuilder.parent.blocks[].labels[]","uri","",4,3,0,0,1,0,0,0,0,0,0,0,0,0,0,0,0,0,0,0,0,0,0
"ge.shadowcaster.dev.board.channel.3lgll4xbckc2x.messages",".channel","at-uri","at://did:plc:gdbw3mid53ebnu55rjdmz4vz/ge.shadowcaster.dev.board.channel.3lgll4xbckc2x.messages/3lh4uaoreyc2x",0,0,0,0,1,0,0,0,0,0,0,0,0,0,0,0,0,0,0,0,0,0,0
"space.aoisora.bookmark",".uri","at-uri","at://did:plc:ilxxgyz7oz7mysber4omeqrg/space.aoisora.bookmark/3jukxsobxyl26",45,0,0,0,0,0,0,0,0,0,0,0,0,0,0,0,0,0,0,0,0,0,0
"app.bsky.feed.post",".reply.root.author.did","did","at://did:plc:4q3rivxbikxvvcqg2zpjzhxa/app.bsky.feed.post/3li422k5crq2e",3,0,1,0,2,0,0,0,0,0,0,0,1,0,0,2,0,0,0,0,0,0,0
"network.comind.link",".source.uri","at-uri","at://did:plc:ljcmm7vvxki72g3j6rono6sa/network.comind.link/3lilke2e52i2m",138,14,11,18,24,39,15,21,85,11,17,64,22,1,0,0,0,0,1,0,0,0,0
"app.bsky.feed.generator",".skyfeedBuilder.blocks[].postUri","did","",5,0,0,0,0,0,0,0,0,0,0,0,0,0,0,0,0,0,0,0,0,0,0
"dev.jakestout.atguilds.guild",".leader","did","",1,1,0,0,0,0,0,0,0,0,0,0,0,0,0,0,0,0,0,0,0,0,0
"app.bsky.feed.post",".embed.external.image","uri","at://did:plc:vwcydbgxgfff522isbe6ztf3/app.bsky.feed.post/3lily5py5yb2x",28,0,0,0,0,0,0,0,0,0,0,0,0,0,0,0,0,0,0,0,0,0,0
"app.ngrok-free.bf9f-2a02-6b67-d942-e300-d453-2fcf-ea9f-1051.entry",".id","uri","at://did:plc:iuxkmtq54kuy4hu3wa3kge6d/app.ngrok-free.bf9f-2a02-6b67-d942-e300-d453-2fcf-ea9f-1051.entry/3li4kizt6lj2j",1,0,0,0,0,0,0,0,0,0,0,0,0,0,0,0,0,0,0,0,0,0,0
"app.bsky.feed.generator",".displayName","uri","",4,0,0,0,0,0,0,0,0,0,0,0,0,0,0,0,0,0,0,0,0,0,0
"app.bsky.feed.post",".url","uri","at://did:plc:vgl2fws7ffykzpdqqo4shf2y/app.bsky.feed.post/3lgyz3dvatb25",22,0,0,0,0,0,0,0,0,0,0,0,0,0,0,0,0,0,0,0,0,0,0
"app.bsky.graph.starterpack",".feeds[].creator.did","did","",1406,324,127,40,42,24,19,9,8,10,14,23,24,15,7,8,1,1,2,0,0,0,0
"blue.maril.stellar.reaction",".emoji.repo","did","at://did:plc:uixgxpiqf4i63p6rgpu7ytmx/blue.maril.stellar.reaction/3li6z5vf4zk2l",4,5,2,0,0,1,1,2,0,0,0,2,0,2,0,0,0,0,0,0,0,0,0
"jp.5leaf.sync.mastodon",".root.uri","at-uri","at://did:plc:7pzlgtbxmh3q3sbd3tzmgkgb/jp.5leaf.sync.mastodon/3979aa43a1597dc",32408,2399,303,161,15,23,2,8,0,3,1,0,0,2,1,0,0,0,0,0,0,0,0
"xyz.statusphere.status",".$hist[].uri","at-uri","at://did:plc:2jtyqespp2zfodukwvktqwe6/xyz.statusphere.status/3lhakxyvjuk2o",1,0,0,0,0,0,0,0,0,0,0,0,0,0,0,0,0,0,0,0,0,0,0
"com.verdverm.test.comment",".$hist[].uri","at-uri","at://did:plc:2jtyqespp2zfodukwvktqwe6/com.verdverm.test.comment/3li7o6kioai2j",1,1,0,0,0,0,0,0,0,0,0,0,0,0,0,0,0,0,0,0,0,0,0
"app.bsky.feed.post",".embed.record.record.embed.images[].thumb","uri","at://did:plc:snod3ilumvylimodptbpoo53/app.bsky.feed.post/3lilhrvnrvc23",3,0,0,0,0,0,0,0,0,0,0,0,0,0,0,0,0,0,0,0,0,0,0
"app.icymi.post",".media[].url","uri","at://did:plc:ld4vcqhi22aypu2hyppf54gq/app.icymi.post/3lgzl4soxrs23",1,0,0,0,0,0,0,0,0,0,0,0,0,0,0,0,0,0,0,0,0,0,0
"app.bsky.feed.post",".reply.root.embed.images[].fullsize","uri","at://did:plc:q6lzfo6rbsycgpluhcqv3344/app.bsky.feed.post/3limrddh4pk23",0,0,0,0,0,0,0,0,0,0,0,0,1,0,0,0,0,0,0,0,0,0,0
"app.bsky.graph.starterpack",".feeds[].uri","at-uri","",2715,552,190,71,56,28,30,7,7,7,14,29,26,29,12,6,6,3,2,0,0,0,0
"app.rocksky.shout",".parent.uri","at-uri","at://did:plc:7vdlgi2bflelz7mmuxoqjfcr/app.rocksky.shout/3lickerhwzs2f",10,1,1,0,0,0,0,0,0,1,0,0,0,0,0,0,0,0,0,0,0,0,0
"app.bsky.feed.generator",".descriptionFacets[app.bsky.richtext.facet].features[app.bsky.richtext.facet#mention].did","did","at://did:plc:5r76me2ldrl2bk76ir34tb3y/app.bsky.feed.generator/18c8b273d8cfdc2",4,1,0,2,0,0,0,0,0,0,0,0,0,0,0,0,0,0,0,0,0,0,0
"ge.shadowcaster.dev.board.channel.3lh4uddvbzk2x.notifications",".subject.did","did","at://did:plc:gdbw3mid53ebnu55rjdmz4vz/ge.shadowcaster.dev.board.channel.3lh4uddvbzk2x.notifications/3lh4udkowuk2x",1,0,0,0,0,0,0,0,0,0,0,0,0,0,0,0,0,0,0,0,0,0,0
"app.ngrok-free.f217-185-199-103-138.entry",".id","uri","at://did:plc:iuxkmtq54kuy4hu3wa3kge6d/app.ngrok-free.f217-185-199-103-138.entry/automerge:bu84rogAu9q6wZJUP7T8NTUZhmZ",3,0,0,0,0,0,0,0,0,0,0,0,0,0,0,0,0,0,0,0,0,0,0
"app.bsky.graph.list",".name","uri","at://did:plc:qqkdmmveqyvqgcn7etrvhlfh/app.bsky.graph.list/3lhcvnoig422s",23,1,0,0,0,0,0,0,0,0,0,0,0,0,0,0,0,0,0,0,0,0,0
"app.bsky.feed.post",".reply.root.record.reply.root.record.reply.root.uri","at-uri","at://did:plc:q6lzfo6rbsycgpluhcqv3344/app.bsky.feed.post/3limrddh4pk23",0,0,0,0,0,0,0,0,0,0,0,0,1,0,0,0,0,0,0,0,0,0,0
"app.bsky.feed.post",".reply.parent.value.reply.parent.value.reply.parent.value.reply.parent.value.embed.record.record.uri","at-uri","at://did:plc:vpufthmtudaqzdx6wbctlrmj/app.bsky.feed.post/3lhvcgblkc22i",1,0,0,0,0,0,0,0,0,0,0,0,0,0,0,0,0,0,0,0,0,0,0
"app.bsky.feed.post",".reply.parent.record.facets[app.bsky.richtext.facet].features[app.bsky.richtext.facet#mention].did","did","at://did:plc:4q3rivxbikxvvcqg2zpjzhxa/app.bsky.feed.post/3li42gypnah23",0,0,0,0,0,0,0,0,0,0,1,0,0,0,1,0,0,0,0,0,0,0,0
"chat.tinychat.core.message",".facets[app.bsky.richtext.facet].features[app.bsky.richtext.facet#mention].did","did","at://did:plc:ubdeopbbkbgedccgbum7dhsh/chat.tinychat.core.message/3likgz4xy562b",0,0,1,0,0,0,0,0,0,0,0,0,0,0,0,0,0,0,0,0,0,0,0
"app.bsky.graph.listitem",".subject","did","at://did:plc:ugsb6vq3dn7iio3ywmtpdiay/app.bsky.graph.listitem/3lihy6twoln2g",1048326,227034,95326,48928,29647,33430,19742,13464,10121,7541,10296,11222,13276,4346,1594,622,261,126,66,5,0,0,0
"app.bsky.actor.profile",".bridgyOriginalUrl","uri","at://did:plc:3dvmsoqe3izvg7vfpv5zq4qk/app.bsky.actor.profile/self",4712,2,0,0,0,0,0,0,0,0,0,0,0,0,0,0,0,0,0,0,0,0,0
"uk.skyblur.post",".additional","uri","at://did:plc:km5zqksioyzojc4sy65eamui/uk.skyblur.post/3li6xyujbfs2i",2,0,0,0,0,0,0,0,0,0,0,0,0,0,0,0,0,0,0,0,0,0,0
"app.bsky.feed.generator",".skyfeedBuilder.blocks[].listUri","uri","",2,0,0,0,0,0,0,0,0,0,0,0,0,0,0,0,0,0,0,0,0,0,0
"app.bsky.feed.post",".reply.root.record.reply.root.embed.images[].fullsize","uri","at://did:plc:q6lzfo6rbsycgpluhcqv3344/app.bsky.feed.post/3limrddh4pk23",0,0,0,0,0,0,0,0,0,0,0,0,1,0,0,0,0,0,0,0,0,0,0
"app.bsky.graph.unfollow",".subject","did","at://did:plc:u62kj3unn2ijhv4xqfm2wnu7/app.bsky.graph.unfollow/3li4wpbutnn2a",4,2,0,0,0,0,0,0,0,0,0,0,0,0,0,0,0,0,0,0,0,0,0
"app.bsky.feed.post",".reply.parent.author.did","did","at://did:plc:4q3rivxbikxvvcqg2zpjzhxa/app.bsky.feed.post/3li42gypnah23",0,0,0,0,0,1,1,0,0,0,0,0,1,0,1,1,0,0,0,0,0,0,0
"tools.skybox.experimental.storedThread",".blobs.a89bb69f-770c-4c74-a1bf-37bd8998a1ee.did","did","at://did:plc:uct3bao7kcn6ioaktrpwdyl7/tools.skybox.experimental.storedThread/3lil77qjnic2n",1,0,0,0,0,0,0,0,0,0,0,0,0,0,0,0,0,0,0,0,0,0,0
"app.bsky.graph.list",".posts[].author.did","did","at://did:plc:akf5vb5xpceiltp2jdzr32ql/app.bsky.graph.list/3likr36hqaz2w",0,0,0,0,0,0,0,0,0,0,0,0,0,1,0,0,0,0,0,0,0,0,0
"app.bsky.feed.generator",".skyfeedBuilder.blocks[].did","at-uri","",1,0,0,0,0,0,0,0,0,0,0,0,0,0,0,0,0,0,0,0,0,0,0
"app.bsky.feed.generator",".skyfeedBuilder.blocks[].listUri","at-uri","",1295,176,67,33,18,19,15,7,8,1,7,6,7,1,0,0,0,0,0,0,0,0,0
"network.comind.link",".source.uri","uri","at://did:plc:ljcmm7vvxki72g3j6rono6sa/network.comind.link/3lil6sglp5t23",0,0,0,0,1,1,0,1,1,0,0,1,0,0,0,0,0,0,0,0,0,0,0
"app.bsky.feed.post",".reply.root.record.facets[app.bsky.richtext.facet].features[app.bsky.richtext.facet#mention].did","did","at://did:plc:4q3rivxbikxvvcqg2zpjzhxa/app.bsky.feed.post/3li3vu6j7xy2a",0,0,0,0,0,0,0,0,0,1,0,0,0,0,0,1,0,0,0,0,0,0,0
"blue.riff.track",".artwork","uri","at://did:plc:xewiqn7jhknfa2bw55zm6dny/blue.riff.track/3lh6ij7szn22g",1,0,0,0,0,0,0,0,0,0,0,0,0,0,0,0,0,0,0,0,0,0,0
"lol.atmogus.activity.presences",".presences[].presences[lol.atmogus.defs.activity#presence].assets.largeImage","uri","at://did:plc:tshzimytn4vesorvxd45kjn7/lol.atmogus.activity.presences/3li4xv4fh72iz",0,0,0,2,0,0,0,0,0,0,0,0,0,0,0,0,0,0,0,0,0,0,0
"uk.skyblur.post",".uri","at-uri","at://did:plc:2273uthh7ojdj4lpoz3yttp7/uk.skyblur.post/3lh3fdutyx22j",1826,0,0,0,0,0,0,0,0,0,0,0,0,0,0,0,0,0,0,0,0,0,0
"app.bsky.feed.post",".embed.record.record.author.avatar","uri","at://did:plc:snod3ilumvylimodptbpoo53/app.bsky.feed.post/3lilhrvnrvc23",0,1,0,0,0,0,0,0,0,0,0,0,0,0,0,0,0,0,0,0,0,0,0
"app.bsky.feed.post",".embed.external.description","uri","at://did:plc:oynveponeu4ikhapjasrss5z/app.bsky.feed.post/3lherdmmk3k22",65014,2121,287,86,50,32,21,20,13,10,11,19,66,5,1,1,1,0,0,0,0,0,0
"app.bsky.graph.list",".descriptionFacets[].features[].uri","uri","at://did:plc:fgnbdrdy546tpm7b6d7jpmo2/app.bsky.graph.list/3lgxmekaysf2j",2,0,0,0,0,0,0,0,0,0,0,0,0,0,0,0,0,0,0,0,0,0,0
"blue.badge.collection",".proof.k","uri","at://did:plc:rgdcflm4ylsl6udghmtblydc/blue.badge.collection/3liorb5cotl2i",0,0,0,0,0,0,0,0,0,0,0,0,0,1,0,0,0,0,0,0,0,0,0
"app.bsky.feed.post",".reply.parent.value.reply.root.uri","at-uri","at://did:plc:vpufthmtudaqzdx6wbctlrmj/app.bsky.feed.post/3lhvcgblkc22i",9,0,1,0,0,0,0,0,0,0,0,0,0,0,0,0,0,0,0,0,0,0,0
"dev.jakestout.atguilds.guildMemberClaim",".guildUri","at-uri","at://did:plc:bpotnohnlgcj3fbmp7ugx4en/dev.jakestout.atguilds.guildMemberClaim/3lhbefvjafd27",1,1,0,0,0,0,0,0,0,0,0,0,0,0,0,0,0,0,0,0,0,0,0
"app.bsky.feed.post",".reply.root.record.reply.root.author.avatar","uri","at://did:plc:q6lzfo6rbsycgpluhcqv3344/app.bsky.feed.post/3limrddh4pk23",0,0,0,0,0,0,0,0,0,0,0,0,1,0,0,0,0,0,0,0,0,0,0
"app.bsky.feed.generator",".skyfeedBuilder.parent.blocks[].postUri","uri","at://did:plc:u6pptemi7dfcdy5znoopnbhm/app.bsky.feed.generator/aaaalybbrstcq",0,0,0,1,0,0,0,0,0,0,0,0,0,0,0,0,0,0,0,0,0,0,0
"app.bsky.graph.listItem",".subject","did","at://did:plc:6p7fvav7ldb43pokmmpgakpw/app.bsky.graph.listItem/3liaxlsk6ep2h",13,11,40,8,10,171,0,0,0,0,2,0,0,0,0,0,0,0,0,0,0,0,0
"app.bsky.feed.post",".reply.parent.value.reply.parent.value.reply.root.uri","at-uri","at://did:plc:vpufthmtudaqzdx6wbctlrmj/app.bsky.feed.post/3lhvcgblkc22i",0,1,0,0,0,0,0,0,0,0,0,0,0,0,0,0,0,0,0,0,0,0,0
"app.bsky.feed.post",".facets[app.bsky.richtext.facet#link].features[app.bsky.richtext.facet#link].uri","uri","at://did:plc:4im7l5nkxus56s7hh3krgtsr/app.bsky.feed.post/3lhf462eds62o",45,3,0,0,0,0,0,0,0,0,0,0,0,1,0,0,0,0,0,0,0,0,0
"app.bsky.feed.post",".skeetsAppHistory.data[].2025-02-13T07:17:30.346Z","uri","at://did:plc:mhbzx6po6y2b3c2qjmf3i36r/app.bsky.feed.post/3li25gy3as42s",1,0,0,0,0,0,0,0,0,0,0,0,0,0,0,0,0,0,0,0,0,0,0
"app.bsky.actor.profile",".displayName","uri","",275,2,1,0,0,0,0,0,0,0,0,0,0,0,0,0,0,0,0,0,0,0,0
"app.bsky.graph.listitem",".list","at-uri","at://did:web:zio.sh/app.bsky.graph.listitem/3lhkd77f5cu2l",52659,25073,15963,10901,8159,6453,4997,7437,4533,3778,6192,8635,15126,12404,3322,1990,341,137,136,29,16,1,1
"app.christensen.wtf.post",".createdBy","did","at://did:plc:gus3rlkpebpdoyfsykgi457p/app.christensen.wtf.post/3liaaq54eak2n",0,0,0,0,0,0,0,0,0,0,0,0,1,0,0,0,0,0,0,0,0,0,0
"app.rocksky.song",".artist","uri","at://did:plc:7vdlgi2bflelz7mmuxoqjfcr/app.rocksky.song/3lhtyvei7x22h",1,0,0,0,0,0,0,0,0,0,0,0,0,0,0,0,0,0,0,0,0,0,0
"app.bsky.labeler.service",".policies.labelValueDefinitions[].locales[].description","uri","",27,0,0,0,0,0,0,0,0,0,0,0,0,0,0,0,0,0,0,0,0,0,0
"chat.tinychat.core.message",".facets[].features[app.bsky.richtext.facet#link].uri","uri","at://did:plc:ubdeopbbkbgedccgbum7dhsh/chat.tinychat.core.message/3likgz4xy562b",1,1,0,0,0,1,0,0,0,0,0,0,0,0,0,0,0,0,0,0,0,0,0
"app.bsky.feed.generator",".service","uri","at://did:plc:2c7szacxx7zpga7xo2zcydqd/app.bsky.feed.generator/trending-finance",1,0,0,0,0,0,0,0,0,0,0,0,0,0,0,0,0,0,0,0,0,0,0
"app.bsky.actor.profile",".labels.values[].uri","at-uri","at://did:plc:3ka3ipkwrykl66er7eeql3e5/app.bsky.actor.profile/self",38,0,2,0,0,0,0,0,0,0,0,0,0,0,0,0,0,0,0,0,0,0,0
"com.newdin.storyline",".story","at-uri","",6,0,0,0,0,0,0,0,0,0,0,0,0,0,0,0,0,0,0,0,0,0,0
"li.plonk.comment",".post.uri","at-uri","at://did:plc:qfpnj4og54vl56wngdriaxug/li.plonk.comment/3lia6646im22z",1,0,0,0,0,0,0,0,0,0,0,0,0,0,0,0,0,0,0,0,0,0,0
"live.grayhaze.interaction.chat",".stream.uri","at-uri","at://did:plc:tqlrqm7siq2ztpmvkyfqwzuy/live.grayhaze.interaction.chat/3lhk2bgr7sd27",1,0,0,0,0,0,0,0,0,0,0,0,0,0,0,0,0,0,0,0,0,0,0
"app.bsky.feed.post",".reply.parent.record.reply.parent.uri","at-uri","at://did:plc:4x27xkw7cb7ysswmk2pdbip5/app.bsky.feed.post/3lhjqvl67w422",26,1,1,0,0,0,0,0,0,0,0,0,0,0,0,0,0,0,0,0,0,0,0
"app.bsky.feed.post",".reply.root.record.reply.root.record.reply.parent.uri","at-uri","at://did:plc:q6lzfo6rbsycgpluhcqv3344/app.bsky.feed.post/3limrddh4pk23",0,0,0,0,0,0,0,0,0,0,0,0,1,0,0,0,0,0,0,0,0,0,0
"app.bsky.feed.post",".reply.parent.value.reply.parent.value.reply.parent.value.reply.root.value.embed.record.record.uri","at-uri","at://did:plc:vpufthmtudaqzdx6wbctlrmj/app.bsky.feed.post/3lhvcgblkc22i",1,0,0,0,0,0,0,0,0,0,0,0,0,0,0,0,0,0,0,0,0,0,0
"ge.shadowcaster.dev.board.channel.3lgll4xbckc2x.members",".channelUri","at-uri","at://did:plc:gdbw3mid53ebnu55rjdmz4vz/ge.shadowcaster.dev.board.channel.3lgll4xbckc2x.members/3lh4u5siwhs2x",1,0,0,0,0,0,0,0,0,0,0,0,0,0,0,0,0,0,0,0,0,0,0
"space.polypod.pinkgill.instance",".tile","at-uri","at://did:plc:izttpdp3l6vss5crelt5kcux/space.polypod.pinkgill.instance/3lhe26egmec2w",0,0,0,0,0,1,0,0,0,0,0,0,0,0,0,0,0,0,0,0,0,0,0
"chat.tinychat.core.message",".reply.root.uri","at-uri","at://did:plc:ubdeopbbkbgedccgbum7dhsh/chat.tinychat.core.message/3lgxlrd6xgc2b",404,1,0,1,0,0,1,0,0,0,0,0,0,0,0,0,0,0,0,0,0,0,0
"network.comind.blips.memory",".uri","uri","at://did:plc:ljcmm7vvxki72g3j6rono6sa/network.comind.blips.memory/067b3e9f-8256-72e1-8000-8c122fc8888a",1,0,0,0,0,0,0,0,0,0,0,0,0,0,0,0,0,0,0,0,0,0,0
"app.vercel.content-archive.entry",".id","uri","at://did:plc:iuxkmtq54kuy4hu3wa3kge6d/app.vercel.content-archive.entry/3li4pr7qnht2f",1,0,0,0,0,0,0,0,0,0,0,0,0,0,0,0,0,0,0,0,0,0,0
"app.christensen.wtf.comment",".root.uri","at-uri","at://did:plc:gus3rlkpebpdoyfsykgi457p/app.christensen.wtf.comment/3li66jmaqnc2n",0,0,0,0,1,0,0,0,0,0,0,0,0,0,0,0,0,0,0,0,0,0,0
"com.verdverm.test.comment",".$orig.uri","at-uri","at://did:plc:2jtyqespp2zfodukwvktqwe6/com.verdverm.test.comment/3li7o6kioai2j",0,1,0,0,0,0,0,0,0,0,0,0,0,0,0,0,0,0,0,0,0,0,0
"app.bsky.feed.generator",".feedUrl","uri","",1,0,0,0,0,0,0,0,0,0,0,0,0,0,0,0,0,0,0,0,0,0,0
"sh.tangled.knot.member",".member","did","at://did:plc:qfpnj4og54vl56wngdriaxug/sh.tangled.knot.member/abb9a472-e4b9-4dc9-946b-beb582513f8b",2,0,0,0,0,0,0,0,1,1,0,0,1,0,0,0,0,0,0,0,0,0,0
"app.bsky.graph.starterpack",".feeds[].avatar","uri","",1562,319,93,49,26,22,11,12,6,3,9,13,29,14,4,2,1,0,0,0,0,0,0
"app.bsky.feed.post",".tags[]","uri","at://did:plc:yrsy5ti7krb6pbvrybo5qyoa/app.bsky.feed.post/3likbbabtmj62",27,6,2,1,0,1,3,0,0,0,0,0,2,1,0,0,0,0,0,0,0,0,0
"app.bsky.graph.starterpack",".feeds[].did","did","",38,11,4,3,1,1,1,0,1,1,1,3,3,3,3,3,0,2,2,1,0,0,0
"us.polhem.blog.post",".tags[]","at-uri","",1,0,0,0,0,0,0,0,0,0,0,0,0,0,0,0,0,0,0,0,0,0,0
"app.bsky.graph.starterpack",".feeds[].creator.avatar","uri","",1419,328,129,38,41,21,20,10,8,9,14,22,25,17,5,8,1,1,2,0,0,0,0
